date,sediment
2012-01-01,0.0
2012-01-02,0.0
2012-01-03,0.0
2012-01-04,0.0
2012-01-05,0.0
2012-01-06,0.0
2012-01-07,0.0
2012-01-08,0.0
2012-01-09,0.0
2012-01-10,0.0
2012-01-11,0.0
2012-01-12,0.0
2012-01-13,0.0
2012-01-14,0.0
2012-01-15,0.0
2012-01-16,0.0
2012-01-17,0.0
2012-01-18,0.0
2012-01-19,0.0
2012-01-20,0.0
2012-01-21,0.0
2012-01-22,0.0
2012-01-23,0.0
2012-01-24,0.0
2012-01-25,0.0
2012-01-26,0.0
2012-01-27,0.0
2012-01-28,0.0
2012-01-29,0.0
2012-01-30,0.0
2012-01-31,0.0
2012-02-01,0.0
2012-02-02,0.0
2012-02-03,0.0
2012-02-04,0.0
2012-02-05,0.0
2012-02-06,0.0
2012-02-07,0.0
2012-02-08,0.0
2012-02-09,0.0
2012-02-10,0.0
2012-02-11,0.0
2012-02-12,0.0
2012-02-13,0.0
2012-02-14,0.0
2012-02-15,0.0
2012-02-16,0.0
2012-02-17,0.0
2012-02-18,0.0
2012-02-19,0.0
2012-02-20,0.0
2012-02-21,0.0
2012-02-22,0.0
2012-02-23,0.0
2012-02-24,0.0
2012-02-25,0.0
2012-02-26,0.0
2012-02-27,0.0
2012-02-28,0.0
2012-02-29,0.0
2012-03-01,0.0
2012-03-02,0.0
2012-03-03,0.0
2012-03-04,0.0
2012-03-05,0.0
2012-03-06,0.0
2012-03-07,0.0
2012-03-08,0.0
2012-03-09,0.0
2012-03-10,0.0
2012-03-11,0.0
2012-03-12,0.0
2012-03-13,0.0
2012-03-14,0.0
2012-03-15,0.0
2012-03-16,8.8
2012-03-17,15.3
2012-03-18,20.1
2012-03-19,25.7
2012-03-20,31.4
2012-03-21,35.4
2012-03-22,37.0
2012-03-23,37.9
2012-03-24,38.6
2012-03-25,39.6
2012-03-26,74.8
2012-03-27,205.0
2012-03-28,343.0
2012-03-29,428.0
2012-03-30,342.0
2012-03-31,248.0
2012-04-01,150.0
2012-04-02,118.0
2012-04-03,298.0
2012-04-04,471.0
2012-04-05,427.0
2012-04-06,333.0
2012-04-07,237.0
2012-04-08,199.0
2012-04-09,336.0
2012-04-10,487.0
2012-04-11,636.0
2012-04-12,730.0
2012-04-13,650.0
2012-04-14,553.0
2012-04-15,458.0
2012-04-16,366.0
2012-04-17,349.0
2012-04-18,354.0
2012-04-19,358.0
2012-04-20,325.0
2012-04-21,273.0
2012-04-22,220.0
2012-04-23,175.0
2012-04-24,159.0
2012-04-25,145.0
2012-04-26,132.0
2012-04-27,118.0
2012-04-28,105.0
2012-04-29,95.9
2012-04-30,87.2
2012-05-01,78.6
2012-05-02,69.9
2012-05-03,60.7
2012-05-04,50.6
2012-05-05,40.2
2012-05-06,30.0
2012-05-07,19.8
2012-05-08,13.5
2012-05-09,19.8
2012-05-10,27.2
2012-05-11,34.7
2012-05-12,46.7
2012-05-13,71.6
2012-05-14,97.2
2012-05-15,123.0
2012-05-16,149.0
2012-05-17,167.0
2012-05-18,161.0
2012-05-19,153.0
2012-05-20,153.0
2012-05-21,152.0
2012-05-22,153.0
2012-05-23,153.0
2012-05-24,156.0
2012-05-25,159.0
2012-05-26,159.0
2012-05-27,160.0
2012-05-28,156.0
2012-05-29,132.0
2012-05-30,107.0
2012-05-31,82.3
2012-06-01,56.8
2012-06-02,47.7
2012-06-03,191.0
2012-06-04,259.0
2012-06-05,186.0
2012-06-06,783.0
2012-06-07,11600.0
2012-06-08,1580.0
2012-06-09,538.0
2012-06-10,418.0
2012-06-11,301.0
2012-06-12,3650.0
2012-06-13,6420.0
2012-06-14,4120.0
2012-06-15,4120.0
2012-06-16,13300.0
2012-06-17,9300.0
2012-06-18,4170.0
2012-06-19,2060.0
2012-06-20,1070.0
2012-06-21,302.0
2012-06-22,211.0
2012-06-23,174.0
2012-06-24,147.0
2012-06-25,527.0
2012-06-26,993.0
2012-06-27,980.0
2012-06-28,913.0
2012-06-29,698.0
2012-06-30,422.0
2012-07-01,230.0
2012-07-02,967.0
2012-07-03,5890.0
2012-07-04,5820.0
2012-07-05,4350.0
2012-07-06,2880.0
2012-07-07,1410.0
2012-07-08,1100.0
2012-07-09,3460.0
2012-07-10,15800.0
2012-07-11,19600.0
2012-07-12,7450.0
2012-07-13,2140.0
2012-07-14,831.0
2012-07-15,1360.0
2012-07-16,318.0
2012-07-17,284.0
2012-07-18,355.0
2012-07-19,426.0
2012-07-20,497.0
2012-07-21,6500.0
2012-07-22,7930.0
2012-07-23,2760.0
2012-07-24,5710.0
2012-07-25,21100.0
2012-07-26,12500.0
2012-07-27,3090.0
2012-07-28,1910.0
2012-07-29,4270.0
2012-07-30,3110.0
2012-07-31,1740.0
2012-08-01,645.0
2012-08-02,545.0
2012-08-03,527.0
2012-08-04,509.0
2012-08-05,491.0
2012-08-06,469.0
2012-08-07,431.0
2012-08-08,391.0
2012-08-09,351.0
2012-08-10,311.0
2012-08-11,272.0
2012-08-12,232.0
2012-08-13,201.0
2012-08-14,203.0
2012-08-15,207.0
2012-08-16,210.0
2012-08-17,214.0
2012-08-18,213.0
2012-08-19,212.0
2012-08-20,211.0
2012-08-21,210.0
2012-08-22,204.0
2012-08-23,181.0
2012-08-24,158.0
2012-08-25,134.0
2012-08-26,111.0
2012-08-27,87.7
2012-08-28,79.5
2012-08-29,76.1
2012-08-30,73.2
2012-08-31,69.9
2012-09-01,75.0
2012-09-02,107.0
2012-09-03,128.0
2012-09-04,118.0
2012-09-05,106.0
2012-09-06,93.0
2012-09-07,80.5
2012-09-08,70.5
2012-09-09,68.5
2012-09-10,168.0
2012-09-11,2940.0
2012-09-12,2240.0
2012-09-13,1080.0
2012-09-14,175.0
2012-09-15,99.1
2012-09-16,88.9
2012-09-17,78.2
2012-09-18,67.8
2012-09-19,59.7
2012-09-20,61.4
2012-09-21,62.8
2012-09-22,64.5
2012-09-23,65.7
2012-09-24,68.8
2012-09-25,76.0
2012-09-26,82.4
2012-09-27,89.2
2012-09-28,91.7
2012-09-29,80.7
2012-09-30,68.2
2012-10-01,55.2
2012-10-02,42.4
2012-10-03,309.0
2012-10-04,507.0
2012-10-05,286.0
2012-10-06,110.0
2012-10-07,81.5
2012-10-08,64.8
2012-10-09,50.5
2012-10-10,43.9
2012-10-11,38.1
2012-10-12,32.2
2012-10-13,26.8
2012-10-14,24.7
2012-10-15,23.5
2012-10-16,22.3
2012-10-17,21.2
2012-10-18,20.2
2012-10-19,20.1
2012-10-20,20.0
2012-10-21,19.9
2012-10-22,19.8
2012-10-23,19.7
2012-10-24,19.6
2012-10-25,19.5
2012-10-26,19.4
2012-10-27,19.2
2012-10-28,19.3
2012-10-29,19.1
2012-10-30,18.9
2012-10-31,18.5
2012-11-01,17.9
2012-11-02,17.4
2012-11-03,16.9
2012-11-04,16.5
2012-11-05,15.8
2012-11-06,15.1
2012-11-07,14.4
2012-11-08,13.7
2012-11-09,12.9
2012-11-10,12.2
2012-11-11,11.7
2012-11-12,12.1
2012-11-13,12.7
2012-11-14,13.3
2012-11-15,13.9
2012-11-16,13.9
2012-11-17,12.4
2012-11-18,10.9
2012-11-19,9.2
2012-11-20,7.7
2012-11-21,4.3
2012-11-22,0.0
2012-11-23,0.0
2012-11-24,0.0
2012-11-25,0.0
2012-11-26,0.0
2012-11-27,0.0
2012-11-28,0.0
2012-11-29,0.0
2012-11-30,0.0
2012-12-01,0.0
2012-12-02,0.0
2012-12-03,0.0
2012-12-04,0.0
2012-12-05,0.0
2012-12-06,0.0
2012-12-07,0.0
2012-12-08,0.0
2012-12-09,0.0
2012-12-10,0.0
2012-12-11,0.0
2012-12-12,0.0
2012-12-13,0.0
2012-12-14,0.0
2012-12-15,0.0
2012-12-16,0.0
2012-12-17,0.0
2012-12-18,0.0
2012-12-19,0.0
2012-12-20,0.0
2012-12-21,0.0
2012-12-22,0.0
2012-12-23,0.0
2012-12-24,0.0
2012-12-25,0.0
2012-12-26,0.0
2012-12-27,0.0
2012-12-28,0.0
2012-12-29,0.0
2012-12-30,0.0
2012-12-31,0.0
2013-01-01,0.0
2013-01-02,0.0
2013-01-03,0.0
2013-01-04,0.8
2013-01-05,0.9
2013-01-06,0.9
2013-01-07,1.0
2013-01-08,1.1
2013-01-09,1.1
2013-01-10,1.2
2013-01-11,1.3
2013-01-12,1.4
2013-01-13,1.4
2013-01-14,1.4
2013-01-15,1.4
2013-01-16,1.4
2013-01-17,1.4
2013-01-18,1.4
2013-01-19,1.4
2013-01-20,2.7
2013-01-21,2.7
2013-01-22,2.6
2013-01-23,2.6
2013-01-24,2.5
2013-01-25,2.5
2013-01-26,2.4
2013-01-27,2.4
2013-01-28,3.4
2013-01-29,3.4
2013-01-30,3.3
2013-01-31,3.2
2013-02-01,3.2
2013-02-02,3.1
2013-02-03,4.1
2013-02-04,4.0
2013-02-05,4.0
2013-02-06,3.9
2013-02-07,3.8
2013-02-08,4.7
2013-02-09,4.7
2013-02-10,4.6
2013-02-11,4.5
2013-02-12,4.5
2013-02-13,4.4
2013-02-14,5.2
2013-02-15,5.2
2013-02-16,5.1
2013-02-17,5.0
2013-02-18,5.8
2013-02-19,5.8
2013-02-20,5.7
2013-02-21,5.6
2013-02-22,5.6
2013-02-23,5.6
2013-02-24,6.3
2013-02-25,6.2
2013-02-26,6.2
2013-02-27,6.2
2013-02-28,6.6
2013-03-01,6.8
2013-03-02,6.9
2013-03-03,7.1
2013-03-04,7.3
2013-03-05,6.7
2013-03-06,6.8
2013-03-07,7.0
2013-03-08,7.1
2013-03-09,7.4
2013-03-10,7.5
2013-03-11,7.6
2013-03-12,7.4
2013-03-13,7.9
2013-03-14,8.3
2013-03-15,8.0
2013-03-16,8.3
2013-03-17,8.6
2013-03-18,8.4
2013-03-19,8.6
2013-03-20,8.7
2013-03-21,8.9
2013-03-22,9.1
2013-03-23,9.2
2013-03-24,9.3
2013-03-25,9.4
2013-03-26,9.4
2013-03-27,9.4
2013-03-28,15.0
2013-03-29,36.5
2013-03-30,58.9
2013-03-31,81.3
2013-04-01,104.0
2013-04-02,126.0
2013-04-03,136.0
2013-04-04,105.0
2013-04-05,77.9
2013-04-06,73.0
2013-04-07,69.8
2013-04-08,66.4
2013-04-09,68.0
2013-04-10,102.0
2013-04-11,198.0
2013-04-12,299.0
2013-04-13,399.0
2013-04-14,456.0
2013-04-15,381.0
2013-04-16,297.0
2013-04-17,212.0
2013-04-18,205.0
2013-04-19,461.0
2013-04-20,736.0
2013-04-21,1010.0
2013-04-22,1300.0
2013-04-23,1590.0
2013-04-24,1870.0
2013-04-25,2050.0
2013-04-26,1860.0
2013-04-27,1630.0
2013-04-28,1460.0
2013-04-29,3300.0
2013-04-30,5290.0
2013-05-01,4570.0
2013-05-02,3500.0
2013-05-03,2440.0
2013-05-04,1370.0
2013-05-05,495.0
2013-05-06,319.0
2013-05-07,199.0
2013-05-08,114.0
2013-05-09,143.0
2013-05-10,182.0
2013-05-11,220.0
2013-05-12,258.0
2013-05-13,398.0
2013-05-14,13100.0
2013-05-15,10300.0
2013-05-16,3400.0
2013-05-17,2020.0
2013-05-18,1510.0
2013-05-19,1000.0
2013-05-20,588.0
2013-05-21,483.0
2013-05-22,413.0
2013-05-23,338.0
2013-05-24,264.0
2013-05-25,211.0
2013-05-26,228.0
2013-05-27,252.0
2013-05-28,3220.0
2013-05-29,1950.0
2013-05-30,1430.0
2013-05-31,1060.0
2013-06-01,716.0
2013-06-02,401.0
2013-06-03,598.0
2013-06-04,600.0
2013-06-05,381.0
2013-06-06,419.0
2013-06-07,600.0
2013-06-08,787.0
2013-06-09,1170.0
2013-06-10,1690.0
2013-06-11,2250.0
2013-06-12,2820.0
2013-06-13,3380.0
2013-06-14,3610.0
2013-06-15,2790.0
2013-06-16,1880.0
2013-06-17,977.0
2013-06-18,779.0
2013-06-19,2900.0
2013-06-20,5170.0
2013-06-21,6220.0
2013-06-22,3310.0
2013-06-23,510.0
2013-06-24,168.0
2013-06-25,287.0
2013-06-26,4680.0
2013-06-27,4520.0
2013-06-28,2500.0
2013-06-29,1220.0
2013-06-30,2770.0
2013-07-01,4170.0
2013-07-02,3130.0
2013-07-03,1710.0
2013-07-04,550.0
2013-07-05,443.0
2013-07-06,424.0
2013-07-07,399.0
2013-07-08,362.0
2013-07-09,325.0
2013-07-10,288.0
2013-07-11,252.0
2013-07-12,234.0
2013-07-13,222.0
2013-07-14,211.0
2013-07-15,1430.0
2013-07-16,7370.0
2013-07-17,2140.0
2013-07-18,12900.0
2013-07-19,2860.0
2013-07-20,2580.0
2013-07-21,1450.0
2013-07-22,668.0
2013-07-23,993.0
2013-07-24,3880.0
2013-07-25,3510.0
2013-07-26,1090.0
2013-07-27,1300.0
2013-07-28,1820.0
2013-07-29,3560.0
2013-07-30,3810.0
2013-07-31,6610.0
2013-08-01,1380.0
2013-08-02,1420.0
2013-08-03,1790.0
2013-08-04,6080.0
2013-08-05,1990.0
2013-08-06,852.0
2013-08-07,855.0
2013-08-08,894.0
2013-08-09,924.0
2013-08-10,925.0
2013-08-11,927.0
2013-08-12,922.0
2013-08-13,858.0
2013-08-14,761.0
2013-08-15,667.0
2013-08-16,606.0
2013-08-17,659.0
2013-08-18,690.0
2013-08-19,633.0
2013-08-20,566.0
2013-08-21,501.0
2013-08-22,442.0
2013-08-23,406.0
2013-08-24,374.0
2013-08-25,337.0
2013-08-26,304.0
2013-08-27,402.0
2013-08-28,940.0
2013-08-29,1300.0
2013-08-30,1090.0
2013-08-31,837.0
2013-09-01,584.0
2013-09-02,461.0
2013-09-03,392.0
2013-09-04,325.0
2013-09-05,254.0
2013-09-06,198.0
2013-09-07,187.0
2013-09-08,179.0
2013-09-09,172.0
2013-09-10,164.0
2013-09-11,153.0
2013-09-12,136.0
2013-09-13,117.0
2013-09-14,98.8
2013-09-15,102.0
2013-09-16,176.0
2013-09-17,254.0
2013-09-18,334.0
2013-09-19,649.0
2013-09-20,751.0
2013-09-21,562.0
2013-09-22,382.0
2013-09-23,236.0
2013-09-24,194.0
2013-09-25,161.0
2013-09-26,128.0
2013-09-27,100.0
2013-09-28,88.5
2013-09-29,77.9
2013-09-30,67.4
2013-10-01,59.5
2013-10-02,51.9
2013-10-03,44.5
2013-10-04,37.0
2013-10-05,32.9
2013-10-06,40.6
2013-10-07,49.3
2013-10-08,57.6
2013-10-09,66.0
2013-10-10,70.8
2013-10-11,62.9
2013-10-12,54.0
2013-10-13,45.5
2013-10-14,36.3
2013-10-15,29.0
2013-10-16,25.6
2013-10-17,22.5
2013-10-18,19.4
2013-10-19,17.4
2013-10-20,25.3
2013-10-21,35.3
2013-10-22,45.5
2013-10-23,55.7
2013-10-24,60.8
2013-10-25,49.7
2013-10-26,37.5
2013-10-27,25.3
2013-10-28,13.0
2013-10-29,3.7
2013-10-30,3.8
2013-10-31,4.5
2013-11-01,5.3
2013-11-02,6.1
2013-11-03,6.9
2013-11-04,7.4
2013-11-05,6.8
2013-11-06,6.0
2013-11-07,5.3
2013-11-08,4.6
2013-11-09,5.3
2013-11-10,11.2
2013-11-11,17.3
2013-11-12,23.5
2013-11-13,29.7
2013-11-14,37.4
2013-11-15,50.7
2013-11-16,57.9
2013-11-17,44.1
2013-11-18,28.7
2013-11-19,13.0
2013-11-20,0.9
2013-11-21,0.0
2013-11-22,0.0
2013-11-23,0.0
2013-11-24,0.0
2013-11-25,0.0
2013-11-26,0.0
2013-11-27,0.0
2013-11-28,0.0
2013-11-29,0.0
2013-11-30,0.0
2013-12-01,0.0
2013-12-02,0.0
2013-12-03,0.0
2013-12-04,0.0
2013-12-05,0.0
2013-12-06,0.0
2013-12-07,0.0
2013-12-08,0.0
2013-12-09,0.0
2013-12-10,0.0
2013-12-11,0.0
2013-12-12,0.0
2013-12-13,0.0
2013-12-14,0.0
2013-12-15,0.0
2013-12-16,0.0
2013-12-17,0.0
2013-12-18,0.0
2013-12-19,0.0
2013-12-20,0.0
2013-12-21,0.0
2013-12-22,0.0
2013-12-23,0.0
2013-12-24,0.0
2013-12-25,0.0
2013-12-26,0.0
2013-12-27,0.0
2013-12-28,0.0
2013-12-29,0.0
2013-12-30,0.0
2013-12-31,0.0
2014-01-01,0.0
2014-01-02,0.0
2014-01-03,0.0
2014-01-04,0.0
2014-01-05,0.0
2014-01-06,0.0
2014-01-07,0.0
2014-01-08,0.0
2014-01-09,0.0
2014-01-10,0.0
2014-01-11,0.0
2014-01-12,0.0
2014-01-13,0.0
2014-01-14,0.0
2014-01-15,0.0
2014-01-16,0.0
2014-01-17,0.0
2014-01-18,0.0
2014-01-19,0.0
2014-01-20,0.0
2014-01-21,0.0
2014-01-22,0.0
2014-01-23,0.0
2014-01-24,0.0
2014-01-25,0.0
2014-01-26,0.0
2014-01-27,0.0
2014-01-28,0.0
2014-01-29,0.0
2014-01-30,0.0
2014-01-31,0.0
2014-02-01,0.0
2014-02-02,0.0
2014-02-03,0.0
2014-02-04,0.0
2014-02-05,0.0
2014-02-06,0.0
2014-02-07,0.0
2014-02-08,0.0
2014-02-09,0.0
2014-02-10,0.0
2014-02-11,0.0
2014-02-12,0.0
2014-02-13,0.0
2014-02-14,0.0
2014-02-15,0.0
2014-02-16,0.0
2014-02-17,0.0
2014-02-18,0.0
2014-02-19,0.0
2014-02-20,0.0
2014-02-21,0.0
2014-02-22,0.0
2014-02-23,0.0
2014-02-24,0.0
2014-02-25,0.0
2014-02-26,0.0
2014-02-27,0.0
2014-02-28,0.0
2014-03-01,0.0
2014-03-02,0.0
2014-03-03,0.0
2014-03-04,0.0
2014-03-05,0.0
2014-03-06,0.0
2014-03-07,0.0
2014-03-08,0.0
2014-03-09,0.0
2014-03-10,0.0
2014-03-11,0.0
2014-03-12,0.0
2014-03-13,0.0
2014-03-14,0.0
2014-03-15,0.0
2014-03-16,0.0
2014-03-17,0.0
2014-03-18,0.0
2014-03-19,0.0
2014-03-20,0.0
2014-03-21,0.0
2014-03-22,34.6
2014-03-23,148.0
2014-03-24,513.0
2014-03-25,1340.0
2014-03-26,1030.0
2014-03-27,884.0
2014-03-28,763.0
2014-03-29,716.0
2014-03-30,933.0
2014-03-31,1180.0
2014-04-01,1380.0
2014-04-02,1200.0
2014-04-03,939.0
2014-04-04,824.0
2014-04-05,750.0
2014-04-06,683.0
2014-04-07,617.0
2014-04-08,561.0
2014-04-09,540.0
2014-04-10,525.0
2014-04-11,505.0
2014-04-12,488.0
2014-04-13,466.0
2014-04-14,426.0
2014-04-15,384.0
2014-04-16,344.0
2014-04-17,303.0
2014-04-18,265.0
2014-04-19,245.0
2014-04-20,225.0
2014-04-21,207.0
2014-04-22,189.0
2014-04-23,170.0
2014-04-24,158.0
2014-04-25,146.0
2014-04-26,135.0
2014-04-27,123.0
2014-04-28,115.0
2014-04-29,120.0
2014-04-30,124.0
2014-05-01,130.0
2014-05-02,135.0
2014-05-03,137.0
2014-05-04,127.0
2014-05-05,116.0
2014-05-06,106.0
2014-05-07,95.7
2014-05-08,85.4
2014-05-09,88.9
2014-05-10,169.0
2014-05-11,260.0
2014-05-12,330.0
2014-05-13,346.0
2014-05-14,355.0
2014-05-15,534.0
2014-05-16,1250.0
2014-05-17,2000.0
2014-05-18,2780.0
2014-05-19,3430.0
2014-05-20,2690.0
2014-05-21,1420.0
2014-05-22,402.0
2014-05-23,296.0
2014-05-24,263.0
2014-05-25,228.0
2014-05-26,200.0
2014-05-27,194.0
2014-05-28,189.0
2014-05-29,184.0
2014-05-30,179.0
2014-05-31,171.0
2014-06-01,156.0
2014-06-02,139.0
2014-06-03,122.0
2014-06-04,106.0
2014-06-05,93.8
2014-06-06,93.2
2014-06-07,112.0
2014-06-08,1060.0
2014-06-09,1980.0
2014-06-10,1770.0
2014-06-11,1480.0
2014-06-12,1190.0
2014-06-13,903.0
2014-06-14,612.0
2014-06-15,374.0
2014-06-16,333.0
2014-06-17,303.0
2014-06-18,278.0
2014-06-19,276.0
2014-06-20,275.0
2014-06-21,277.0
2014-06-22,276.0
2014-06-23,276.0
2014-06-24,276.0
2014-06-25,1090.0
2014-06-26,3170.0
2014-06-27,2750.0
2014-06-28,2110.0
2014-06-29,1460.0
2014-06-30,824.0
2014-07-01,326.0
2014-07-02,325.0
2014-07-03,365.0
2014-07-04,401.0
2014-07-05,442.0
2014-07-06,472.0
2014-07-07,1040.0
2014-07-08,1450.0
2014-07-09,758.0
2014-07-10,294.0
2014-07-11,575.0
2014-07-12,888.0
2014-07-13,848.0
2014-07-14,617.0
2014-07-15,1310.0
2014-07-16,12000.0
2014-07-17,4930.0
2014-07-18,821.0
2014-07-19,3560.0
2014-07-20,9000.0
2014-07-21,11900.0
2014-07-22,9380.0
2014-07-23,6960.0
2014-07-24,4570.0
2014-07-25,2160.0
2014-07-26,283.0
2014-07-27,148.0
2014-07-28,147.0
2014-07-29,343.0
2014-07-30,5090.0
2014-07-31,640.0
2014-08-01,163.0
2014-08-02,139.0
2014-08-03,114.0
2014-08-04,88.9
2014-08-05,67.9
2014-08-06,56.5
2014-08-07,45.8
2014-08-08,35.2
2014-08-09,25.5
2014-08-10,26.6
2014-08-11,29.7
2014-08-12,33.5
2014-08-13,37.1
2014-08-14,188.0
2014-08-15,662.0
2014-08-16,670.0
2014-08-17,561.0
2014-08-18,448.0
2014-08-19,337.0
2014-08-20,225.0
2014-08-21,133.0
2014-08-22,113.0
2014-08-23,100.0
2014-08-24,140.0
2014-08-25,208.0
2014-08-26,209.0
2014-08-27,186.0
2014-08-28,161.0
2014-08-29,137.0
2014-08-30,113.0
2014-08-31,92.6
2014-09-01,84.6
2014-09-02,78.4
2014-09-03,72.5
2014-09-04,66.0
2014-09-05,60.9
2014-09-06,58.8
2014-09-07,56.9
2014-09-08,54.4
2014-09-09,52.7
2014-09-10,50.8
2014-09-11,49.8
2014-09-12,52.2
2014-09-13,54.6
2014-09-14,56.9
2014-09-15,59.2
2014-09-16,62.2
2014-09-17,67.4
2014-09-18,72.8
2014-09-19,78.3
2014-09-20,81.1
2014-09-21,74.7
2014-09-22,67.3
2014-09-23,59.9
2014-09-24,52.4
2014-09-25,46.5
2014-09-26,45.4
2014-09-27,44.8
2014-09-28,43.8
2014-09-29,43.1
2014-09-30,41.7
2014-10-01,39.2
2014-10-02,36.7
2014-10-03,34.0
2014-10-04,31.3
2014-10-05,28.6
2014-10-06,26.0
2014-10-07,23.2
2014-10-08,20.9
2014-10-09,19.4
2014-10-10,17.8
2014-10-11,16.1
2014-10-12,14.7
2014-10-13,13.1
2014-10-14,11.5
2014-10-15,10.0
2014-10-16,8.6
2014-10-17,7.3
2014-10-18,5.9
2014-10-19,4.5
2014-10-20,3.2
2014-10-21,3.3
2014-10-22,4.2
2014-10-23,5.1
2014-10-24,6.0
2014-10-25,7.0
2014-10-26,7.8
2014-10-27,8.3
2014-10-28,7.5
2014-10-29,6.6
2014-10-30,5.7
2014-10-31,4.8
2014-11-01,3.9
2014-11-02,3.0
2014-11-03,2.0
2014-11-04,1.2
2014-11-05,0.6
2014-11-06,0.6
2014-11-07,0.7
2014-11-08,0.6
2014-11-09,0.0
2014-11-10,0.0
2014-11-11,0.0
2014-11-12,0.0
2014-11-13,0.0
2014-11-14,0.0
2014-11-15,0.0
2014-11-16,0.0
2014-11-17,0.0
2014-11-18,0.0
2014-11-19,0.0
2014-11-20,0.0
2014-11-21,0.0
2014-11-22,0.0
2014-11-23,0.0
2014-11-24,0.0
2014-11-25,0.0
2014-11-26,0.0
2014-11-27,0.0
2014-11-28,0.0
2014-11-29,0.0
2014-11-30,0.0
2014-12-01,0.0
2014-12-02,0.0
2014-12-03,0.0
2014-12-04,0.0
2014-12-05,0.0
2014-12-06,0.0
2014-12-07,0.0
2014-12-08,0.0
2014-12-09,0.0
2014-12-10,0.0
2014-12-11,0.0
2014-12-12,0.0
2014-12-13,0.0
2014-12-14,0.0
2014-12-15,0.0
2014-12-16,0.0
2014-12-17,0.0
2014-12-18,0.0
2014-12-19,0.0
2014-12-20,0.0
2014-12-21,0.0
2014-12-22,0.0
2014-12-23,0.0
2014-12-24,0.0
2014-12-25,0.0
2014-12-26,0.0
2014-12-27,0.0
2014-12-28,0.0
2014-12-29,0.0
2014-12-30,0.0
2014-12-31,0.0
2015-01-01,0.0
2015-01-02,0.0
2015-01-03,0.0
2015-01-04,0.0
2015-01-05,0.0
2015-01-06,0.0
2015-01-07,0.0
2015-01-08,0.0
2015-01-09,0.0
2015-01-10,0.0
2015-01-11,0.0
2015-01-12,0.0
2015-01-13,0.0
2015-01-14,0.0
2015-01-15,0.0
2015-01-16,0.0
2015-01-17,0.0
2015-01-18,0.0
2015-01-19,0.0
2015-01-20,0.0
2015-01-21,0.0
2015-01-22,0.0
2015-01-23,0.0
2015-01-24,0.0
2015-01-25,0.0
2015-01-26,0.0
2015-01-27,0.0
2015-01-28,0.0
2015-01-29,0.0
2015-01-30,0.0
2015-01-31,0.0
2015-02-01,0.0
2015-02-02,0.0
2015-02-03,0.0
2015-02-04,0.0
2015-02-05,0.0
2015-02-06,0.0
2015-02-07,0.0
2015-02-08,0.0
2015-02-09,0.0
2015-02-10,0.0
2015-02-11,0.0
2015-02-12,0.0
2015-02-13,0.0
2015-02-14,0.0
2015-02-15,0.0
2015-02-16,0.0
2015-02-17,0.0
2015-02-18,0.0
2015-02-19,0.0
2015-02-20,0.0
2015-02-21,0.0
2015-02-22,0.0
2015-02-23,0.0
2015-02-24,0.0
2015-02-25,0.0
2015-02-26,0.0
2015-02-27,0.0
2015-02-28,0.0
2015-03-01,0.0
2015-03-02,0.0
2015-03-03,0.0
2015-03-04,0.0
2015-03-05,0.0
2015-03-06,0.0
2015-03-07,0.0
2015-03-08,0.0
2015-03-09,0.0
2015-03-10,0.0
2015-03-11,0.0
2015-03-12,0.0
2015-03-13,0.0
2015-03-14,0.0
2015-03-15,0.0
2015-03-16,0.0
2015-03-17,0.0
2015-03-18,0.0
2015-03-19,0.0
2015-03-20,0.0
2015-03-21,16.1
2015-03-22,52.9
2015-03-23,108.0
2015-03-24,222.0
2015-03-25,324.0
2015-03-26,320.0
2015-03-27,291.0
2015-03-28,261.0
2015-03-29,228.0
2015-03-30,195.0
2015-03-31,165.0
2015-04-01,145.0
2015-04-02,125.0
2015-04-03,125.0
2015-04-04,185.0
2015-04-05,248.0
2015-04-06,308.0
2015-04-07,358.0
2015-04-08,345.0
2015-04-09,329.0
2015-04-10,307.0
2015-04-11,271.0
2015-04-12,239.0
2015-04-13,232.0
2015-04-14,230.0
2015-04-15,227.0
2015-04-16,24.0
2015-04-17,224.0
2015-04-18,234.0
2015-04-19,244.0
2015-04-20,255.0
2015-04-21,265.0
2015-04-22,267.0
2015-04-23,237.0
2015-04-24,205.0
2015-04-25,173.0
2015-04-26,142.0
2015-04-27,113.0
2015-04-28,95.7
2015-04-29,79.1
2015-04-30,62.5
2015-05-01,45.9
2015-05-02,33.0
2015-05-03,32.3
2015-05-04,32.5
2015-05-05,32.7
2015-05-06,32.9
2015-05-07,32.9
2015-05-08,31.9
2015-05-09,31.1
2015-05-10,30.0
2015-05-11,29.1
2015-05-12,28.8
2015-05-13,30.5
2015-05-14,32.4
2015-05-15,34.3
2015-05-16,36.2
2015-05-17,38.8
2015-05-18,43.8
2015-05-19,48.6
2015-05-20,53.6
2015-05-21,58.6
2015-05-22,62.6
2015-05-23,58.7
2015-05-24,53.2
2015-05-25,47.7
2015-05-26,42.1
2015-05-27,36.7
2015-05-28,35.0
2015-05-29,44.9
2015-05-30,55.8
2015-05-31,66.8
2015-06-01,77.8
2015-06-02,89.6
2015-06-03,103.0
2015-06-04,115.0
2015-06-05,130.0
2015-06-06,139.0
2015-06-07,129.0
2015-06-08,121.0
2015-06-09,125.0
2015-06-10,147.0
2015-06-11,2920.0
2015-06-12,6880.0
2015-06-13,2300.0
2015-06-14,1320.0
2015-06-15,925.0
2015-06-16,574.0
2015-06-17,646.0
2015-06-18,4120.0
2015-06-19,2700.0
2015-06-20,1730.0
2015-06-21,1220.0
2015-06-22,1040.0
2015-06-23,890.0
2015-06-24,735.0
2015-06-25,581.0
2015-06-26,461.0
2015-06-27,447.0
2015-06-28,442.0
2015-06-29,440.0
2015-06-30,586.0
2015-07-01,3170.0
2015-07-02,2830.0
2015-07-03,2080.0
2015-07-04,640.0
2015-07-05,409.0
2015-07-06,354.0
2015-07-07,299.0
2015-07-08,243.0
2015-07-09,188.0
2015-07-10,150.0
2015-07-11,169.0
2015-07-12,192.0
2015-07-13,216.0
2015-07-14,239.0
2015-07-15,308.0
2015-07-16,462.0
2015-07-17,433.0
2015-07-18,395.0
2015-07-19,353.0
2015-07-20,404.0
2015-07-21,2800.0
2015-07-22,1970.0
2015-07-23,1100.0
2015-07-24,876.0
2015-07-25,648.0
2015-07-26,452.0
2015-07-27,343.0
2015-07-28,240.0
2015-07-29,175.0
2015-07-30,234.0
2015-07-31,303.0
2015-08-01,372.0
2015-08-02,442.0
2015-08-03,511.0
2015-08-04,574.0
2015-08-05,616.0
2015-08-06,659.0
2015-08-07,668.0
2015-08-08,574.0
2015-08-09,474.0
2015-08-10,371.0
2015-08-11,270.0
2015-08-12,188.0
2015-08-13,178.0
2015-08-14,173.0
2015-08-15,171.0
2015-08-16,172.0
2015-08-17,172.0
2015-08-18,172.0
2015-08-19,165.0
2015-08-20,197.0
2015-08-21,241.0
2015-08-22,288.0
2015-08-23,334.0
2015-08-24,382.0
2015-08-25,430.0
2015-08-26,450.0
2015-08-27,402.0
2015-08-28,350.0
2015-08-29,298.0
2015-08-30,244.0
2015-08-31,191.0
2015-09-01,145.0
2015-09-02,120.0
2015-09-03,97.0
2015-09-04,73.9
2015-09-05,50.7
2015-09-06,38.6
2015-09-07,62.1
2015-09-08,89.9
2015-09-09,116.0
2015-09-10,143.0
2015-09-11,158.0
2015-09-12,138.0
2015-09-13,115.0
2015-09-14,91.6
2015-09-15,69.0
2015-09-16,51.4
2015-09-17,53.9
2015-09-18,59.5
2015-09-19,68.5
2015-09-20,78.3
2015-09-21,118.0
2015-09-22,255.0
2015-09-23,364.0
2015-09-24,322.0
2015-09-25,256.0
2015-09-26,191.0
2015-09-27,125.0
2015-09-28,74.0
2015-09-29,71.1
2015-09-30,71.6
2015-10-01,72.7
2015-10-02,73.3
2015-10-03,71.9
2015-10-04,63.4
2015-10-05,53.4
2015-10-06,44.4
2015-10-07,34.9
2015-10-08,27.7
2015-10-09,27.3
2015-10-10,27.5
2015-10-11,27.7
2015-10-12,27.7
2015-10-13,27.6
2015-10-14,26.2
2015-10-15,24.7
2015-10-16,23.3
2015-10-17,21.8
2015-10-18,20.8
2015-10-19,21.2
2015-10-20,21.7
2015-10-21,22.3
2015-10-22,22.7
2015-10-23,23.2
2015-10-24,23.6
2015-10-25,23.1
2015-10-26,22.5
2015-10-27,21.9
2015-10-28,21.3
2015-10-29,20.7
2015-10-30,19.9
2015-10-31,18.4
2015-11-01,16.9
2015-11-02,15.5
2015-11-03,14.1
2015-11-04,12.5
2015-11-05,11.1
2015-11-06,9.9
2015-11-07,9.5
2015-11-08,9.1
2015-11-09,8.6
2015-11-10,8.1
2015-11-11,7.7
2015-11-12,6.7
2015-11-13,4.1
2015-11-14,1.4
2015-11-15,0.0
2015-11-16,0.0
2015-11-17,0.0
2015-11-18,0.0
2015-11-19,0.0
2015-11-20,0.0
2015-11-21,0.0
2015-11-22,0.0
2015-11-23,0.0
2015-11-24,0.0
2015-11-25,0.0
2015-11-26,0.0
2015-11-27,0.0
2015-11-28,0.0
2015-11-29,0.0
2015-11-30,0.0
2015-12-01,0.0
2015-12-02,0.0
2015-12-03,0.0
2015-12-04,0.0
2015-12-05,0.0
2015-12-06,0.0
2015-12-07,0.0
2015-12-08,0.0
2015-12-09,0.0
2015-12-10,0.0
2015-12-11,0.0
2015-12-12,0.0
2015-12-13,0.0
2015-12-14,0.0
2015-12-15,0.0
2015-12-16,0.0
2015-12-17,0.0
2015-12-18,0.0
2015-12-19,0.0
2015-12-20,0.0
2015-12-21,0.0
2015-12-22,0.0
2015-12-23,0.0
2015-12-24,0.0
2015-12-25,0.0
2015-12-26,0.0
2015-12-27,0.0
2015-12-28,0.0
2015-12-29,0.0
2015-12-30,0.0
2015-12-31,0.0
2016-01-01,0.0
2016-01-02,0.0
2016-01-03,0.0
2016-01-04,0.0
2016-01-05,0.0
2016-01-06,0.0
2016-01-07,0.0
2016-01-08,0.0
2016-01-09,0.0
2016-01-10,0.0
2016-01-11,0.0
2016-01-12,0.0
2016-01-13,0.0
2016-01-14,0.0
2016-01-15,0.0
2016-01-16,0.0
2016-01-17,0.0
2016-01-18,0.0
2016-01-19,0.0
2016-01-20,0.0
2016-01-21,0.0
2016-01-22,0.0
2016-01-23,0.0
2016-01-24,0.0
2016-01-25,0.0
2016-01-26,0.0
2016-01-27,0.0
2016-01-28,0.0
2016-01-29,0.0
2016-01-30,0.0
2016-01-31,0.0
2016-02-01,0.0
2016-02-02,0.0
2016-02-03,0.0
2016-02-04,0.0
2016-02-05,0.0
2016-02-06,0.0
2016-02-07,0.0
2016-02-08,0.0
2016-02-09,0.0
2016-02-10,0.0
2016-02-11,0.0
2016-02-12,0.0
2016-02-13,0.0
2016-02-14,0.0
2016-02-15,0.0
2016-02-16,0.0
2016-02-17,0.0
2016-02-18,0.0
2016-02-19,0.0
2016-02-20,0.0
2016-02-21,0.0
2016-02-22,0.0
2016-02-23,0.0
2016-02-24,0.0
2016-02-25,0.0
2016-02-26,0.0
2016-02-27,0.0
2016-02-28,0.0
2016-02-29,0.0
2016-03-01,0.0
2016-03-02,0.0
2016-03-03,0.0
2016-03-04,0.0
2016-03-05,0.0
2016-03-06,0.0
2016-03-07,0.0
2016-03-08,0.0
2016-03-09,0.0
2016-03-10,0.0
2016-03-11,0.0
2016-03-12,0.0
2016-03-13,0.0
2016-03-14,0.0
2016-03-15,0.0
2016-03-16,0.0
2016-03-17,0.0
2016-03-18,0.0
2016-03-19,0.0
2016-03-20,0.0
2016-03-21,14.9
2016-03-22,51.1
2016-03-23,88.0
2016-03-24,187.0
2016-03-25,482.0
2016-03-26,735.0
2016-03-27,584.0
2016-03-28,350.0
2016-03-29,194.0
2016-03-30,320.0
2016-03-31,468.0
2016-04-01,569.0
2016-04-02,507.0
2016-04-03,434.0
2016-04-04,370.0
2016-04-05,346.0
2016-04-06,329.0
2016-04-07,310.0
2016-04-08,295.0
2016-04-09,286.0
2016-04-10,279.0
2016-04-11,272.0
2016-04-12,264.0
2016-04-13,255.0
2016-04-14,235.0
2016-04-15,210.0
2016-04-16,185.0
2016-04-17,160.0
2016-04-18,141.0
2016-04-19,138.0
2016-04-20,136.0
2016-04-21,135.0
2016-04-22,134.0
2016-04-23,129.0
2016-04-24,114.0
2016-04-25,97.2
2016-04-26,81.6
2016-04-27,72.1
2016-04-28,64.5
2016-04-29,57.1
2016-04-30,49.7
2016-05-01,44.1
2016-05-02,44.6
2016-05-03,45.7
2016-05-04,46.6
2016-05-05,47.7
2016-05-06,47.6
2016-05-07,41.5
2016-05-08,34.2
2016-05-09,27.0
2016-05-10,19.8
2016-05-11,40.8
2016-05-12,118.0
2016-05-13,98.4
2016-05-14,71.6
2016-05-15,45.7
2016-05-16,24.7
2016-05-17,24.1
2016-05-18,25.0
2016-05-19,25.9
2016-05-20,26.8
2016-05-21,27.7
2016-05-22,28.7
2016-05-23,37.6
2016-05-24,71.3
2016-05-25,100.0
2016-05-26,92.9
2016-05-27,80.9
2016-05-28,68.0
2016-05-29,55.0
2016-05-30,42.2
2016-05-31,31.4
2016-06-01,27.3
2016-06-02,23.6
2016-06-03,19.9
2016-06-04,16.2
2016-06-05,12.5
2016-06-06,24.1
2016-06-07,81.5
2016-06-08,143.0
2016-06-09,206.0
2016-06-10,265.0
2016-06-11,304.0
2016-06-12,271.0
2016-06-13,228.0
2016-06-14,189.0
2016-06-15,150.0
2016-06-16,121.0
2016-06-17,130.0
2016-06-18,143.0
2016-06-19,157.0
2016-06-20,192.0
2016-06-21,747.0
2016-06-22,905.0
2016-06-23,5680.0
2016-06-24,2460.0
2016-06-25,1850.0
2016-06-26,1410.0
2016-06-27,976.0
2016-06-28,537.0
2016-06-29,498.0
2016-06-30,346.0
2016-07-01,259.0
2016-07-02,242.0
2016-07-03,225.0
2016-07-04,207.0
2016-07-05,203.0
2016-07-06,201.0
2016-07-07,4250.0
2016-07-08,2220.0
2016-07-09,770.0
2016-07-10,604.0
2016-07-11,437.0
2016-07-12,271.0
2016-07-13,141.0
2016-07-14,122.0
2016-07-15,111.0
2016-07-16,100.0
2016-07-17,89.4
2016-07-18,78.9
2016-07-19,68.1
2016-07-20,57.4
2016-07-21,49.0
2016-07-22,48.4
2016-07-23,3660.0
2016-07-24,3450.0
2016-07-25,2390.0
2016-07-26,1350.0
2016-07-27,362.0
2016-07-28,74.7
2016-07-29,64.8
2016-07-30,55.0
2016-07-31,45.1
2016-08-01,35.2
2016-08-02,32.5
2016-08-03,52.8
2016-08-04,75.7
2016-08-05,98.5
2016-08-06,121.0
2016-08-07,138.0
2016-08-08,135.0
2016-08-09,131.0
2016-08-10,127.0
2016-08-11,123.0
2016-08-12,115.0
2016-08-13,95.9
2016-08-14,76.0
2016-08-15,55.8
2016-08-16,40.3
2016-08-17,39.2
2016-08-18,39.3
2016-08-19,39.2
2016-08-20,5640.0
2016-08-21,4930.0
2016-08-22,636.0
2016-08-23,303.0
2016-08-24,275.0
2016-08-25,244.0
2016-08-26,216.0
2016-08-27,186.0
2016-08-28,157.0
2016-08-29,128.0
2016-08-30,112.0
2016-08-31,657.0
2016-09-01,1500.0
2016-09-02,2330.0
2016-09-03,2790.0
2016-09-04,1830.0
2016-09-05,1930.0
2016-09-06,5620.0
2016-09-07,5000.0
2016-09-08,2450.0
2016-09-09,458.0
2016-09-10,309.0
2016-09-11,285.0
2016-09-12,260.0
2016-09-13,235.0
2016-09-14,210.0
2016-09-15,188.0
2016-09-16,165.0
2016-09-17,148.0
2016-09-18,131.0
2016-09-19,114.0
2016-09-20,97.0
2016-09-21,80.1
2016-09-22,63.3
2016-09-23,59.0
2016-09-24,96.0
2016-09-25,136.0
2016-09-26,177.0
2016-09-27,203.0
2016-09-28,183.0
2016-09-29,160.0
2016-09-30,138.0
2016-10-01,114.0
2016-10-02,94.0
2016-10-03,80.1
2016-10-04,66.9
2016-10-05,53.6
2016-10-06,40.2
2016-10-07,29.8
2016-10-08,28.5
2016-10-09,28.0
2016-10-10,27.4
2016-10-11,26.7
2016-10-12,27.1
2016-10-13,30.6
2016-10-14,34.3
2016-10-15,38.0
2016-10-16,41.6
2016-10-17,43.6
2016-10-18,40.5
2016-10-19,36.8
2016-10-20,33.3
2016-10-21,29.5
2016-10-22,27.1
2016-10-23,28.8
2016-10-24,30.6
2016-10-25,32.5
2016-10-26,34.5
2016-10-27,34.7
2016-10-28,29.6
2016-10-29,24.0
2016-10-30,18.4
2016-10-31,12.8
2016-11-01,7.3
2016-11-02,2.3
2016-11-03,0.0
2016-11-04,0.0
2016-11-05,0.0
2016-11-06,0.0
2016-11-07,0.0
2016-11-08,0.0
2016-11-09,0.0
2016-11-10,0.0
2016-11-11,0.0
2016-11-12,0.0
2016-11-13,0.0
2016-11-14,0.0
2016-11-15,0.0
2016-11-16,0.0
2016-11-17,0.0
2016-11-18,0.0
2016-11-19,0.0
2016-11-20,0.0
2016-11-21,0.0
2016-11-22,0.0
2016-11-23,0.0
2016-11-24,0.0
2016-11-25,0.0
2016-11-26,0.0
2016-11-27,0.0
2016-11-28,0.0
2016-11-29,0.0
2016-11-30,0.0
2016-12-01,0.0
2016-12-02,0.0
2016-12-03,0.0
2016-12-04,0.0
2016-12-05,0.0
2016-12-06,0.0
2016-12-07,0.0
2016-12-08,0.0
2016-12-09,0.0
2016-12-10,0.0
2016-12-11,0.0
2016-12-12,0.0
2016-12-13,0.0
2016-12-14,0.0
2016-12-15,0.0
2016-12-16,0.0
2016-12-17,0.0
2016-12-18,0.0
2016-12-19,0.0
2016-12-20,0.0
2016-12-21,0.0
2016-12-22,0.0
2016-12-23,0.0
2016-12-24,0.0
2016-12-25,0.0
2016-12-26,0.0
2016-12-27,0.0
2016-12-28,0.0
2016-12-29,0.0
2016-12-30,0.0
2016-12-31,0.0
2017-01-01,0.0
2017-01-02,0.0
2017-01-03,0.0
2017-01-04,0.0
2017-01-05,0.0
2017-01-06,0.0
2017-01-07,0.0
2017-01-08,0.0
2017-01-09,0.0
2017-01-10,0.0
2017-01-11,0.0
2017-01-12,0.0
2017-01-13,0.0
2017-01-14,0.0
2017-01-15,0.0
2017-01-16,0.0
2017-01-17,0.0
2017-01-18,0.0
2017-01-19,0.0
2017-01-20,0.0
2017-01-21,0.0
2017-01-22,0.0
2017-01-23,0.0
2017-01-24,0.0
2017-01-25,0.0
2017-01-26,0.0
2017-01-27,0.0
2017-01-28,0.0
2017-01-29,0.0
2017-01-30,0.0
2017-01-31,0.0
2017-02-01,0.0
2017-02-02,0.0
2017-02-03,0.0
2017-02-04,0.0
2017-02-05,0.0
2017-02-06,0.0
2017-02-07,0.0
2017-02-08,0.0
2017-02-09,0.0
2017-02-10,0.0
2017-02-11,0.0
2017-02-12,0.0
2017-02-13,0.0
2017-02-14,0.0
2017-02-15,0.0
2017-02-16,0.0
2017-02-17,0.0
2017-02-18,0.0
2017-02-19,0.0
2017-02-20,0.0
2017-02-21,0.0
2017-02-22,0.0
2017-02-23,0.0
2017-02-24,0.0
2017-02-25,0.0
2017-02-26,0.0
2017-02-27,0.0
2017-02-28,0.0
2017-03-01,0.0
2017-03-02,0.0
2017-03-03,0.0
2017-03-04,0.0
2017-03-05,0.0
2017-03-06,0.0
2017-03-07,0.0
2017-03-08,0.0
2017-03-09,0.0
2017-03-10,0.0
2017-03-11,0.0
2017-03-12,0.0
2017-03-13,0.0
2017-03-14,0.0
2017-03-15,0.0
2017-03-16,0.0
2017-03-17,0.0
2017-03-18,0.0
2017-03-19,0.0
2017-03-20,0.0
2017-03-21,0.0
2017-03-22,0.0
2017-03-23,0.0
2017-03-24,0.0
2017-03-25,0.0
2017-03-26,0.0
2017-03-27,12.8
2017-03-28,70.5
2017-03-29,137.0
2017-03-30,203.0
2017-03-31,254.0
2017-04-01,256.0
2017-04-02,254.0
2017-04-03,264.0
2017-04-04,309.0
2017-04-05,355.0
2017-04-06,386.0
2017-04-07,325.0
2017-04-08,248.0
2017-04-09,172.0
2017-04-10,96.0
2017-04-11,36.6
2017-04-12,32.3
2017-04-13,32.6
2017-04-14,33.0
2017-04-15,33.3
2017-04-16,32.9
2017-04-17,30.0
2017-04-18,27.1
2017-04-19,24.2
2017-04-20,21.2
2017-04-21,18.2
2017-04-22,15.3
2017-04-23,12.6
2017-04-24,11.1
2017-04-25,9.4
2017-04-26,8.0
2017-04-27,6.4
2017-04-28,4.8
2017-04-29,3.3
2017-04-30,2.3
2017-05-01,3.2
2017-05-02,4.2
2017-05-03,5.3
2017-05-04,6.3
2017-05-05,7.4
2017-05-06,8.2
2017-05-07,9.0
2017-05-08,9.7
2017-05-09,10.4
2017-05-10,11.2
2017-05-11,12.0
2017-05-12,12.5
2017-05-13,13.0
2017-05-14,13.4
2017-05-15,13.9
2017-05-16,14.1
2017-05-17,12.9
2017-05-18,11.8
2017-05-19,10.6
2017-05-20,9.3
2017-05-21,9.7
2017-05-22,15.1
2017-05-23,20.6
2017-05-24,26.0
2017-05-25,27.5
2017-05-26,26.5
2017-05-27,25.7
2017-05-28,24.7
2017-05-29,23.8
2017-05-30,22.9
2017-05-31,22.0
2017-06-01,21.1
2017-06-02,20.2
2017-06-03,19.3
2017-06-04,19.6
2017-06-05,24.1
2017-06-06,28.8
2017-06-07,33.6
2017-06-08,38.4
2017-06-09,41.2
2017-06-10,37.0
2017-06-11,32.4
2017-06-12,27.7
2017-06-13,23.1
2017-06-14,21.7
2017-06-15,31.7
2017-06-16,42.1
2017-06-17,52.8
2017-06-18,63.4
2017-06-19,124.0
2017-06-20,2570.0
2017-06-21,5060.0
2017-06-22,4210.0
2017-06-23,3120.0
2017-06-24,2050.0
2017-06-25,966.0
2017-06-26,146.0
2017-06-27,223.0
2017-06-28,373.0
2017-06-29,449.0
2017-06-30,287.0
2017-07-01,1960.0
2017-07-02,26400.0
2017-07-03,4210.0
2017-07-04,1660.0
2017-07-05,1120.0
2017-07-06,3100.0
2017-07-07,4600.0
2017-07-08,4400.0
2017-07-09,3570.0
2017-07-10,2660.0
2017-07-11,1790.0
2017-07-12,907.0
2017-07-13,198.0
2017-07-14,94.8
2017-07-15,46.5
2017-07-16,39.4
2017-07-17,38.7
2017-07-18,38.3
2017-07-19,37.5
2017-07-20,36.4
2017-07-21,33.2
2017-07-22,30.0
2017-07-23,26.7
2017-07-24,23.5
2017-07-25,21.0
2017-07-26,1820.0
2017-07-27,9780.0
2017-07-28,6980.0
2017-07-29,6960.0
2017-07-30,19100.0
2017-07-31,21700.0
2017-08-01,15300.0
2017-08-02,14400.0
2017-08-03,22000.0
2017-08-04,2880.0
2017-08-05,5250.0
2017-08-06,7550.0
2017-08-07,6690.0
2017-08-08,5370.0
2017-08-09,4110.0
2017-08-10,2740.0
2017-08-11,1690.0
2017-08-12,10100.0
2017-08-13,4500.0
2017-08-14,8770.0
2017-08-15,10000.0
2017-08-16,3240.0
2017-08-17,1140.0
2017-08-18,811.0
2017-08-19,478.0
2017-08-20,212.0
2017-08-21,169.0
2017-08-22,145.0
2017-08-23,121.0
2017-08-24,96.7
2017-08-25,85.2
2017-08-26,78.4
2017-08-27,71.7
2017-08-28,64.9
2017-08-29,58.2
2017-08-30,68.9
2017-08-31,137.0
2017-09-01,208.0
2017-09-02,281.0
2017-09-03,355.0
2017-09-04,396.0
2017-09-05,337.0
2017-09-06,272.0
2017-09-07,205.0
2017-09-08,138.0
2017-09-09,86.6
2017-09-10,81.9
2017-09-11,80.4
2017-09-12,79.2
2017-09-13,78.0
2017-09-14,76.8
2017-09-15,75.7
2017-09-16,74.2
2017-09-17,73.1
2017-09-18,71.7
2017-09-19,68.1
2017-09-20,63.7
2017-09-21,59.3
2017-09-22,54.9
2017-09-23,50.7
2017-09-24,47.6
2017-09-25,44.6
2017-09-26,41.7
2017-09-27,38.5
2017-09-28,34.9
2017-09-29,29.7
2017-09-30,24.4
2017-10-01,19.0
2017-10-02,13.6
2017-10-03,9.5
2017-10-04,9.1
2017-10-05,9.1
2017-10-06,9.1
2017-10-07,9.1
2017-10-08,9.1
2017-10-09,8.6
2017-10-10,8.0
2017-10-11,7.5
2017-10-12,6.9
2017-10-13,6.3
2017-10-14,4.1
2017-10-15,0.0
2017-10-16,0.0
2017-10-17,0.0
2017-10-18,0.0
2017-10-19,0.0
2017-10-20,0.0
2017-10-21,0.0
2017-10-22,0.0
2017-10-23,0.0
2017-10-24,0.0
2017-10-25,0.0
2017-10-26,0.0
2017-10-27,0.0
2017-10-28,0.0
2017-10-29,0.0
2017-10-30,0.0
2017-10-31,0.0
2017-11-01,0.0
2017-11-02,0.0
2017-11-03,0.0
2017-11-04,0.0
2017-11-05,0.0
2017-11-06,0.0
2017-11-07,0.0
2017-11-08,0.0
2017-11-09,0.0
2017-11-10,0.0
2017-11-11,0.0
2017-11-12,0.0
2017-11-13,0.0
2017-11-14,0.0
2017-11-15,0.0
2017-11-16,0.0
2017-11-17,0.0
2017-11-18,0.0
2017-11-19,0.0
2017-11-20,0.0
2017-11-21,0.0
2017-11-22,0.0
2017-11-23,0.0
2017-11-24,0.0
2017-11-25,0.0
2017-11-26,0.0
2017-11-27,0.0
2017-11-28,0.0
2017-11-29,0.0
2017-11-30,0.0
2017-12-01,0.0
2017-12-02,0.0
2017-12-03,0.0
2017-12-04,0.0
2017-12-05,0.0
2017-12-06,0.0
2017-12-07,0.0
2017-12-08,0.0
2017-12-09,0.0
2017-12-10,0.0
2017-12-11,0.0
2017-12-12,0.0
2017-12-13,0.0
2017-12-14,0.0
2017-12-15,0.0
2017-12-16,0.0
2017-12-17,0.0
2017-12-18,0.0
2017-12-19,0.0
2017-12-20,0.0
2017-12-21,0.0
2017-12-22,0.0
2017-12-23,0.0
2017-12-24,0.0
2017-12-25,0.0
2017-12-26,0.0
2017-12-27,0.0
2017-12-28,0.0
2017-12-29,0.0
2017-12-30,0.0
2017-12-31,0.0
2018-01-01,0.269
2018-01-02,0.264
2018-01-03,0.264
2018-01-04,0.265
2018-01-05,0.266
2018-01-06,0.267
2018-01-07,0.268
2018-01-08,0.268
2018-01-09,0.269
2018-01-10,0.27
2018-01-11,0.272
2018-01-12,0.277
2018-01-13,0.284
2018-01-14,0.29
2018-01-15,0.296
2018-01-16,0.303
2018-01-17,0.309
2018-01-18,0.315
2018-01-19,0.321
2018-01-20,0.328
2018-01-21,0.331
2018-01-22,0.315
2018-01-23,0.297
2018-01-24,0.278
2018-01-25,0.259
2018-01-26,0.24
2018-01-27,0.221
2018-01-28,0.202
2018-01-29,0.184
2018-01-30,0.165
2018-01-31,0.146
2018-02-01,0.129
2018-02-02,0.129
2018-02-03,0.13
2018-02-04,0.132
2018-02-05,0.134
2018-02-06,0.136
2018-02-07,0.138
2018-02-08,0.14
2018-02-09,0.142
2018-02-10,0.144
2018-02-11,0.146
2018-02-12,0.147
2018-02-13,0.149
2018-02-14,0.151
2018-02-15,0.153
2018-02-16,0.154
2018-02-17,0.156
2018-02-18,0.158
2018-02-19,0.159
2018-02-20,0.161
2018-02-21,0.163
2018-02-22,0.168
2018-02-23,0.172
2018-02-24,0.177
2018-02-25,0.181
2018-02-26,0.185
2018-02-27,0.19
2018-02-28,0.194
2018-03-01,0.198
2018-03-02,0.204
2018-03-03,0.21
2018-03-04,0.217
2018-03-05,0.223
2018-03-06,0.229
2018-03-07,0.235
2018-03-08,0.241
2018-03-09,0.247
2018-03-10,0.253
2018-03-11,0.265
2018-03-12,0.342
2018-03-13,0.544
2018-03-14,0.807
2018-03-15,1.14
2018-03-16,1.54
2018-03-17,1.98
2018-03-18,2.5
2018-03-19,3.11
2018-03-20,3.81
2018-03-21,4.79
2018-03-22,6.34
2018-03-23,8.19
2018-03-24,9.72
2018-03-25,10.3
2018-03-26,10.5
2018-03-27,10.6
2018-03-28,9.73
2018-03-29,8.64
2018-03-30,7.87
2018-03-31,8.2
2018-04-01,8.72
2018-04-02,9.05
2018-04-03,8.2
2018-04-04,7.01
2018-04-05,5.88
2018-04-06,5.07
2018-04-07,5.43
2018-04-08,6.02
2018-04-09,6.6
2018-04-10,7.76
2018-04-11,6.81
2018-04-12,6.24
2018-04-13,6.68
2018-04-14,6.7
2018-04-15,6.4
2018-04-16,6.6
2018-04-17,6.82
2018-04-18,6.52
2018-04-19,6.32
2018-04-20,7.31
2018-04-21,10.5
2018-04-22,8.75
2018-04-23,7.5
2018-04-24,6.54
2018-04-25,5.74
2018-04-26,5.4
2018-04-27,5.1
2018-04-28,5.05
2018-04-29,4.81
2018-04-30,4.78
2018-05-01,4.66
2018-05-02,4.52
2018-05-03,4.52
2018-05-04,4.52
2018-05-05,4.42
2018-05-06,4.29
2018-05-07,4.29
2018-05-08,4.29
2018-05-09,4.29
2018-05-10,4.2
2018-05-11,4.27
2018-05-12,4.63
2018-05-13,6.13
2018-05-14,6.86
2018-05-15,6.82
2018-05-16,8.1
2018-05-17,7.05
2018-05-18,4.8
2018-05-19,5.55
2018-05-20,7.16
2018-05-21,7.21
2018-05-22,6.4
2018-05-23,6.46
2018-05-24,6.66
2018-05-25,6.52
2018-05-26,6.32
2018-05-27,6.32
2018-05-28,6.34
2018-05-29,7.08
2018-05-30,7.04
2018-05-31,6.81
2018-06-01,4.78
2018-06-02,4.29
2018-06-03,4.19
2018-06-04,4.05
2018-06-05,4.05
2018-06-06,3.96
2018-06-07,3.92
2018-06-08,3.96
2018-06-09,3.94
2018-06-10,4.44
2018-06-11,6.57
2018-06-12,7.92
2018-06-13,6.53
2018-06-14,6.47
2018-06-15,7.89
2018-06-16,8.09
2018-06-17,7.25
2018-06-18,8.06
2018-06-19,8.38
2018-06-20,6.63
2018-06-21,5.86
2018-06-22,5.4
2018-06-23,5.09
2018-06-24,4.74
2018-06-25,5.28
2018-06-26,6.04
2018-06-27,6.57
2018-06-28,6.62
2018-06-29,6.51
2018-06-30,5.77
2018-07-01,5.36
2018-07-02,4.97
2018-07-03,4.48
2018-07-04,11.7
2018-07-05,16.1
2018-07-06,11.6
2018-07-07,10.6
2018-07-08,9.14
2018-07-09,9.05
2018-07-10,8.7
2018-07-11,7.47
2018-07-12,7.24
2018-07-13,7.18
2018-07-14,6.7
2018-07-15,6.24
2018-07-16,18.4
2018-07-17,32.3
2018-07-18,28.8
2018-07-19,20.9
2018-07-20,20.4
2018-07-21,27.8
2018-07-22,27.3
2018-07-23,18.4
2018-07-24,23.5
2018-07-25,79.8
2018-07-26,45.4
2018-07-27,35.6
2018-07-28,29.0
2018-07-29,24.4
2018-07-30,20.9
2018-07-31,18.8
2018-08-01,17.0
2018-08-02,15.4
2018-08-03,14.5
2018-08-04,43.4
2018-08-05,33.4
2018-08-06,23.0
2018-08-07,19.6
2018-08-08,17.9
2018-08-09,16.1
2018-08-10,14.9
2018-08-11,14.8
2018-08-12,14.8
2018-08-13,16.6
2018-08-14,17.4
2018-08-15,16.8
2018-08-16,15.9
2018-08-17,15.5
2018-08-18,15.0
2018-08-19,14.2
2018-08-20,13.0
2018-08-21,13.6
2018-08-22,17.0
2018-08-23,13.1
2018-08-24,12.0
2018-08-25,12.1
2018-08-26,12.5
2018-08-27,11.8
2018-08-28,10.8
2018-08-29,11.3
2018-08-30,12.4
2018-08-31,12.7
2018-09-01,11.7
2018-09-02,14.2
2018-09-03,19.1
2018-09-04,16.6
2018-09-05,15.3
2018-09-06,14.4
2018-09-07,13.6
2018-09-08,13.2
2018-09-09,12.5
2018-09-10,12.0
2018-09-11,12.0
2018-09-12,11.8
2018-09-13,11.5
2018-09-14,11.6
2018-09-15,11.4
2018-09-16,11.2
2018-09-17,10.7
2018-09-18,10.4
2018-09-19,9.94
2018-09-20,9.93
2018-09-21,9.6
2018-09-22,9.56
2018-09-23,9.56
2018-09-24,9.56
2018-09-25,9.4
2018-09-26,9.17
2018-09-27,9.17
2018-09-28,9.33
2018-09-29,10.2
2018-09-30,12.0
2018-10-01,12.3
2018-10-02,11.4
2018-10-03,10.9
2018-10-04,10.7
2018-10-05,10.4
2018-10-06,10.3
2018-10-07,10.3
2018-10-08,9.98
2018-10-09,9.94
2018-10-10,9.94
2018-10-11,9.78
2018-10-12,9.56
2018-10-13,9.55
2018-10-14,9.21
2018-10-15,9.17
2018-10-16,9.17
2018-10-17,9.16
2018-10-18,8.83
2018-10-19,8.79
2018-10-20,8.79
2018-10-21,8.79
2018-10-22,8.79
2018-10-23,8.79
2018-10-24,8.78
2018-10-25,8.48
2018-10-26,8.74
2018-10-27,8.47
2018-10-28,8.43
2018-10-29,8.43
2018-10-30,8.43
2018-10-31,8.29
2018-11-01,8.09
2018-11-02,8.09
2018-11-03,8.09
2018-11-04,8.09
2018-11-05,8.08
2018-11-06,7.78
2018-11-07,7.11
2018-11-08,6.67
2018-11-09,6.96
2018-11-10,6.2
2018-11-11,5.72
2018-11-12,5.78
2018-11-13,5.82
2018-11-14,5.56
2018-11-15,4.92
2018-11-16,4.27
2018-11-17,3.61
2018-11-18,3.07
2018-11-19,2.61
2018-11-20,2.26
2018-11-21,2.03
2018-11-22,1.89
2018-11-23,1.84
2018-11-24,1.8
2018-11-25,1.76
2018-11-26,1.73
2018-11-27,1.69
2018-11-28,1.65
2018-11-29,1.61
2018-11-30,1.57
2018-12-01,1.53
2018-12-02,1.43
2018-12-03,1.33
2018-12-04,1.23
2018-12-05,1.13
2018-12-06,1.03
2018-12-07,0.93
2018-12-08,0.829
2018-12-09,0.728
2018-12-10,0.628
2018-12-11,0.545
2018-12-12,0.555
2018-12-13,0.577
2018-12-14,0.6
2018-12-15,0.622
2018-12-16,0.645
2018-12-17,0.667
2018-12-18,0.69
2018-12-19,0.712
2018-12-20,0.735
2018-12-21,0.751
2018-12-22,0.73
2018-12-23,0.702
2018-12-24,0.676
2018-12-25,0.648
2018-12-26,0.622
2018-12-27,0.594
2018-12-28,0.567
2018-12-29,0.54
2018-12-30,0.512
2018-12-31,0.486
2019-01-01,0.0
2019-01-02,0.0
2019-01-03,0.0
2019-01-04,0.0
2019-01-05,0.0
2019-01-06,0.0
2019-01-07,0.0
2019-01-08,0.0
2019-01-09,0.0
2019-01-10,0.0
2019-01-11,0.0
2019-01-12,0.0
2019-01-13,0.0
2019-01-14,0.0
2019-01-15,0.0
2019-01-16,0.0
2019-01-17,0.0
2019-01-18,0.0
2019-01-19,0.0
2019-01-20,0.0
2019-01-21,0.0
2019-01-22,0.0
2019-01-23,0.0
2019-01-24,0.0
2019-01-25,0.0
2019-01-26,0.0
2019-01-27,0.0
2019-01-28,0.0
2019-01-29,0.0
2019-01-30,0.0
2019-01-31,0.0
2019-02-01,0.0
2019-02-02,0.0
2019-02-03,0.0
2019-02-04,0.0
2019-02-05,0.0
2019-02-06,0.0
2019-02-07,0.0
2019-02-08,0.0
2019-02-09,0.0
2019-02-10,0.0
2019-02-11,0.0
2019-02-12,0.0
2019-02-13,0.0
2019-02-14,0.0
2019-02-15,0.0
2019-02-16,0.0
2019-02-17,0.0
2019-02-18,0.0
2019-02-19,0.0
2019-02-20,0.0
2019-02-21,0.0
2019-02-22,0.0
2019-02-23,0.0
2019-02-24,0.0
2019-02-25,0.0
2019-02-26,0.0
2019-02-27,0.0
2019-02-28,0.0
2019-03-01,0.0
2019-03-02,0.0
2019-03-03,0.0
2019-03-04,0.0
2019-03-05,0.0
2019-03-06,0.0
2019-03-07,0.0
2019-03-08,0.0
2019-03-09,0.0
2019-03-10,0.0
2019-03-11,0.0
2019-03-12,0.0
2019-03-13,0.0
2019-03-14,0.0
2019-03-15,0.0
2019-03-16,0.0
2019-03-17,0.0
2019-03-18,0.0
2019-03-19,0.0
2019-03-20,0.0
2019-03-21,0.0
2019-03-22,0.0
2019-03-23,0.0
2019-03-24,0.0
2019-03-25,7.8
2019-03-26,19.7
2019-03-27,40.7
2019-03-28,92.2
2019-03-29,146.0
2019-03-30,180.0
2019-03-31,154.0
2019-04-01,122.0
2019-04-02,99.1
2019-04-03,103.0
2019-04-04,108.0
2019-04-05,113.0
2019-04-06,119.0
2019-04-07,124.0
2019-04-08,127.0
2019-04-09,122.0
2019-04-10,117.0
2019-04-11,111.0
2019-04-12,106.0
2019-04-13,100.0
2019-04-14,96.2
2019-04-15,92.0
2019-04-16,87.8
2019-04-17,82.4
2019-04-18,72.6
2019-04-19,62.4
2019-04-20,52.2
2019-04-21,41.8
2019-04-22,31.7
2019-04-23,23.6
2019-04-24,22.0
2019-04-25,21.0
2019-04-26,20.0
2019-04-27,19.1
2019-04-28,17.9
2019-04-29,17.0
2019-04-30,16.0
2019-05-01,14.9
2019-05-02,13.4
2019-05-03,11.9
2019-05-04,10.4
2019-05-05,9.0
2019-05-06,18.4
2019-05-07,58.1
2019-05-08,100.0
2019-05-09,138.0
2019-05-10,127.0
2019-05-11,101.0
2019-05-12,75.2
2019-05-13,48.5
2019-05-14,29.5
2019-05-15,33.3
2019-05-16,38.8
2019-05-17,43.1
2019-05-18,43.4
2019-05-19,212.0
2019-05-20,4800.0
2019-05-21,1140.0
2019-05-22,562.0
2019-05-23,399.0
2019-05-24,238.0
2019-05-25,103.0
2019-05-26,85.7
2019-05-27,78.1
2019-05-28,70.1
2019-05-29,62.4
2019-05-30,54.6
2019-05-31,48.4
2019-06-01,48.2
2019-06-02,48.1
2019-06-03,48.1
2019-06-04,48.2
2019-06-05,48.3
2019-06-06,48.4
2019-06-07,2410.0
2019-06-08,10400.0
2019-06-09,8800.0
2019-06-10,6270.0
2019-06-11,3710.0
2019-06-12,1170.0
2019-06-13,244.0
2019-06-14,184.0
2019-06-15,134.0
2019-06-16,118.0
2019-06-17,105.0
2019-06-18,91.0
2019-06-19,77.4
2019-06-20,64.3
2019-06-21,52.4
2019-06-22,40.7
2019-06-23,166.0
2019-06-24,1010.0
2019-06-25,1980.0
2019-06-26,2940.0
2019-06-27,3250.0
2019-06-28,2150.0
2019-06-29,1120.0
2019-06-30,298.0
2019-07-01,237.0
2019-07-02,237.0
2019-07-03,236.0
2019-07-04,3110.0
2019-07-05,4230.0
2019-07-06,622.0
2019-07-07,1090.0
2019-07-08,788.0
2019-07-09,411.0
2019-07-10,125.0
2019-07-11,184.0
2019-07-12,277.0
2019-07-13,357.0
2019-07-14,337.0
2019-07-15,261.0
2019-07-16,4580.0
2019-07-17,4500.0
2019-07-18,3270.0
2019-07-19,1930.0
2019-07-20,618.0
2019-07-21,175.0
2019-07-22,140.0
2019-07-23,110.0
2019-07-24,88.4
2019-07-25,68.3
2019-07-26,48.0
2019-07-27,73.9
2019-07-28,185.0
2019-07-29,161.0
2019-07-30,129.0
2019-07-31,97.3
2019-08-01,65.8
2019-08-02,38.6
2019-08-03,26.7
2019-08-04,16.3
2019-08-05,13.5
2019-08-06,185.0
2019-08-07,1530.0
2019-08-08,844.0
2019-08-09,523.0
2019-08-10,264.0
2019-08-11,213.0
2019-08-12,177.0
2019-08-13,141.0
2019-08-14,106.0
2019-08-15,69.8
2019-08-16,34.6
2019-08-17,48.8
2019-08-18,80.3
2019-08-19,85.9
2019-08-20,89.7
2019-08-21,95.8
2019-08-22,109.0
2019-08-23,122.0
2019-08-24,134.0
2019-08-25,286.0
2019-08-26,3670.0
2019-08-27,3020.0
2019-08-28,1860.0
2019-08-29,714.0
2019-08-30,293.0
2019-08-31,239.0
2019-09-01,185.0
2019-09-02,131.0
2019-09-03,78.0
2019-09-04,57.1
2019-09-05,53.7
2019-09-06,50.4
2019-09-07,47.0
2019-09-08,41.0
2019-09-09,33.4
2019-09-10,25.7
2019-09-11,18.1
2019-09-12,10.5
2019-09-13,4.4
2019-09-14,3.8
2019-09-15,3.4
2019-09-16,3.0
2019-09-17,2.7
2019-09-18,2.6
2019-09-19,2.7
2019-09-20,3.1
2019-09-21,3.4
2019-09-22,3.7
2019-09-23,4.0
2019-09-24,4.4
2019-09-25,5.7
2019-09-26,10.5
2019-09-27,15.4
2019-09-28,20.4
2019-09-29,25.5
2019-09-30,30.4
2019-10-01,34.0
2019-10-02,32.9
2019-10-03,31.5
2019-10-04,30.3
2019-10-05,28.8
2019-10-06,28.2
2019-10-07,30.2
2019-10-08,32.2
2019-10-09,34.3
2019-10-10,34.6
2019-10-11,29.6
2019-10-12,23.8
2019-10-13,18.3
2019-10-14,12.7
2019-10-15,8.3
2019-10-16,7.3
2019-10-17,6.6
2019-10-18,6.1
2019-10-19,5.4
2019-10-20,4.7
2019-10-21,4.1
2019-10-22,3.4
2019-10-23,2.3
2019-10-24,1.0
2019-10-25,0.1
2019-10-26,0.0
2019-10-27,0.0
2019-10-28,0.0
2019-10-29,0.0
2019-10-30,0.0
2019-10-31,0.0
2019-11-01,0.0
2019-11-02,0.0
2019-11-03,0.0
2019-11-04,0.0
2019-11-05,0.0
2019-11-06,0.0
2019-11-07,0.0
2019-11-08,0.0
2019-11-09,0.0
2019-11-10,0.0
2019-11-11,0.0
2019-11-12,0.0
2019-11-13,0.0
2019-11-14,0.0
2019-11-15,0.0
2019-11-16,0.0
2019-11-17,0.0
2019-11-18,0.0
2019-11-19,0.0
2019-11-20,0.0
2019-11-21,0.0
2019-11-22,0.0
2019-11-23,0.0
2019-11-24,0.0
2019-11-25,0.0
2019-11-26,0.0
2019-11-27,0.0
2019-11-28,0.0
2019-11-29,0.0
2019-11-30,0.0
2019-12-01,0.0
2019-12-02,0.0
2019-12-03,0.0
2019-12-04,0.0
2019-12-05,0.0
2019-12-06,0.0
2019-12-07,0.0
2019-12-08,0.0
2019-12-09,0.0
2019-12-10,0.0
2019-12-11,0.0
2019-12-12,0.0
2019-12-13,0.0
2019-12-14,0.0
2019-12-15,0.0
2019-12-16,0.0
2019-12-17,0.0
2019-12-18,0.0
2019-12-19,0.0
2019-12-20,0.0
2019-12-21,0.0
2019-12-22,0.0
2019-12-23,0.0
2019-12-24,0.0
2019-12-25,0.0
2019-12-26,0.0
2019-12-27,0.0
2019-12-28,0.0
2019-12-29,0.0
2019-12-30,0.0
2019-12-31,0.0
2020-01-01,0.0
2020-01-02,0.0
2020-01-03,0.0
2020-01-04,0.0
2020-01-05,0.0
2020-01-06,0.0
2020-01-07,0.0
2020-01-08,0.0
2020-01-09,0.0
2020-01-10,0.0
2020-01-11,0.0
2020-01-12,0.0
2020-01-13,0.0
2020-01-14,0.0
2020-01-15,0.0
2020-01-16,0.0
2020-01-17,0.0
2020-01-18,0.0
2020-01-19,0.0
2020-01-20,0.0
2020-01-21,0.0
2020-01-22,0.0
2020-01-23,0.0
2020-01-24,0.0
2020-01-25,0.0
2020-01-26,0.0
2020-01-27,0.0
2020-01-28,0.0
2020-01-29,0.0
2020-01-30,0.0
2020-01-31,0.0
2020-02-01,0.0
2020-02-02,0.0
2020-02-03,0.0
2020-02-04,0.0
2020-02-05,0.0
2020-02-06,0.0
2020-02-07,0.0
2020-02-08,0.0
2020-02-09,0.0
2020-02-10,0.0
2020-02-11,0.0
2020-02-12,0.0
2020-02-13,0.0
2020-02-14,0.0
2020-02-15,0.0
2020-02-16,0.0
2020-02-17,0.0
2020-02-18,0.0
2020-02-19,0.0
2020-02-20,0.0
2020-02-21,0.0
2020-02-22,0.0
2020-02-23,0.0
2020-02-24,0.0
2020-02-25,0.0
2020-02-26,0.0
2020-02-27,0.0
2020-02-28,0.0
2020-02-29,0.0
2020-03-01,0.0
2020-03-02,0.0
2020-03-03,0.0
2020-03-04,0.0
2020-03-05,0.0
2020-03-06,0.0
2020-03-07,0.0
2020-03-08,0.0
2020-03-09,0.0
2020-03-10,0.0
2020-03-11,0.0
2020-03-12,0.0
2020-03-13,0.0
2020-03-14,0.0
2020-03-15,0.0
2020-03-16,0.0
2020-03-17,0.0
2020-03-18,0.0
2020-03-19,0.0
2020-03-20,0.0
2020-03-21,0.0
2020-03-22,0.0
2020-03-23,0.0
2020-03-24,0.0
2020-03-25,0.0
2020-03-26,11.3
2020-03-27,52.0
2020-03-28,93.7
2020-03-29,135.0
2020-03-30,173.0
2020-03-31,179.0
2020-04-01,177.0
2020-04-02,177.0
2020-04-03,172.0
2020-04-04,149.0
2020-04-05,124.0
2020-04-06,99.8
2020-04-07,83.7
2020-04-08,94.5
2020-04-09,107.0
2020-04-10,119.0
2020-04-11,126.0
2020-04-12,111.0
2020-04-13,93.8
2020-04-14,76.7
2020-04-15,59.8
2020-04-16,42.9
2020-04-17,28.5
2020-04-18,29.7
2020-04-19,33.9
2020-04-20,38.2
2020-04-21,42.3
2020-04-22,47.6
2020-04-23,56.1
2020-04-24,65.0
2020-04-25,73.9
2020-04-26,82.7
2020-04-27,88.1
2020-04-28,83.0
2020-04-29,77.2
2020-04-30,71.1
2020-05-01,64.9
2020-05-02,59.1
2020-05-03,53.0
2020-05-04,53.5
2020-05-05,75.5
2020-05-06,99.5
2020-05-07,123.0
2020-05-08,143.0
2020-05-09,158.0
2020-05-10,172.0
2020-05-11,185.0
2020-05-12,200.0
2020-05-13,207.0
2020-05-14,194.0
2020-05-15,180.0
2020-05-16,165.0
2020-05-17,8020.0
2020-05-18,3090.0
2020-05-19,1350.0
2020-05-20,610.0
2020-05-21,502.0
2020-05-22,452.0
2020-05-23,403.0
2020-05-24,359.0
2020-05-25,331.0
2020-05-26,304.0
2020-05-27,279.0
2020-05-28,270.0
2020-05-29,262.0
2020-05-30,256.0
2020-05-31,243.0
2020-06-01,214.0
2020-06-02,184.0
2020-06-03,155.0
2020-06-04,125.0
2020-06-05,101.0
2020-06-06,95.0
2020-06-07,90.3
2020-06-08,85.8
2020-06-09,81.5
2020-06-10,76.6
2020-06-11,73.7
2020-06-12,73.2
2020-06-13,73.5
2020-06-14,73.2
2020-06-15,73.5
2020-06-16,72.5
2020-06-17,67.2
2020-06-18,61.5
2020-06-19,56.3
2020-06-20,553.0
2020-06-21,4430.0
2020-06-22,1400.0
2020-06-23,2600.0
2020-06-24,1490.0
2020-06-25,285.0
2020-06-26,201.0
2020-06-27,201.0
2020-06-28,201.0
2020-06-29,571.0
2020-06-30,9960.0
2020-07-01,7360.0
2020-07-02,3510.0
2020-07-03,1880.0
2020-07-04,7480.0
2020-07-05,7800.0
2020-07-06,5020.0
2020-07-07,2500.0
2020-07-08,420.0
2020-07-09,240.0
2020-07-10,210.0
2020-07-11,179.0
2020-07-12,149.0
2020-07-13,141.0
2020-07-14,137.0
2020-07-15,135.0
2020-07-16,132.0
2020-07-17,3000.0
2020-07-18,3170.0
2020-07-19,446.0
2020-07-20,235.0
2020-07-21,217.0
2020-07-22,198.0
2020-07-23,179.0
2020-07-24,161.0
2020-07-25,141.0
2020-07-26,125.0
2020-07-27,111.0
2020-07-28,95.3
2020-07-29,400.0
2020-07-30,1120.0
2020-07-31,429.0
2020-08-01,301.0
2020-08-02,9500.0
2020-08-03,3220.0
2020-08-04,1750.0
2020-08-05,696.0
2020-08-06,375.0
2020-08-07,325.0
2020-08-08,252.0
2020-08-09,5090.0
2020-08-10,678.0
2020-08-11,259.0
2020-08-12,136.0
2020-08-13,829.0
2020-08-14,792.0
2020-08-15,277.0
2020-08-16,234.0
2020-08-17,221.0
2020-08-18,208.0
2020-08-19,196.0
2020-08-20,184.0
2020-08-21,171.0
2020-08-22,160.0
2020-08-23,148.0
2020-08-24,136.0
2020-08-25,124.0
2020-08-26,116.0
2020-08-27,116.0
2020-08-28,332.0
2020-08-29,252.0
2020-08-30,184.0
2020-08-31,157.0
2020-09-01,130.0
2020-09-02,115.0
2020-09-03,139.0
2020-09-04,175.0
2020-09-05,206.0
2020-09-06,177.0
2020-09-07,145.0
2020-09-08,114.0
2020-09-09,89.3
2020-09-10,87.2
2020-09-11,86.5
2020-09-12,85.8
2020-09-13,85.3
2020-09-14,106.0
2020-09-15,199.0
2020-09-16,1740.0
2020-09-17,814.0
2020-09-18,606.0
2020-09-19,599.0
2020-09-20,534.0
2020-09-21,453.0
2020-09-22,375.0
2020-09-23,295.0
2020-09-24,218.0
2020-09-25,183.0
2020-09-26,162.0
2020-09-27,142.0
2020-09-28,126.0
2020-09-29,131.0
2020-09-30,136.0
2020-10-01,142.0
2020-10-02,143.0
2020-10-03,129.0
2020-10-04,114.0
2020-10-05,97.7
2020-10-06,82.3
2020-10-07,69.4
2020-10-08,65.4
2020-10-09,62.0
2020-10-10,58.9
2020-10-11,55.5
2020-10-12,52.3
2020-10-13,48.8
2020-10-14,45.0
2020-10-15,41.5
2020-10-16,38.0
2020-10-17,34.2
2020-10-18,30.7
2020-10-19,27.1
2020-10-20,24.3
2020-10-21,24.0
2020-10-22,23.9
2020-10-23,23.8
2020-10-24,23.7
2020-10-25,23.7
2020-10-26,23.5
2020-10-27,23.2
2020-10-28,21.6
2020-10-29,20.0
2020-10-30,18.4
2020-10-31,17.5
2020-11-01,19.0
2020-11-02,20.6
2020-11-03,22.1
2020-11-04,23.6
2020-11-05,25.2
2020-11-06,26.8
2020-11-07,28.8
2020-11-08,31.8
2020-11-09,35.1
2020-11-10,38.2
2020-11-11,41.4
2020-11-12,44.4
2020-11-13,47.4
2020-11-14,48.8
2020-11-15,42.7
2020-11-16,36.5
2020-11-17,30.1
2020-11-18,23.7
2020-11-19,17.4
2020-11-20,11.1
2020-11-21,5.4
2020-11-22,2.3
2020-11-23,0.2
2020-11-24,0.0
2020-11-25,0.0
2020-11-26,0.0
2020-11-27,0.0
2020-11-28,0.0
2020-11-29,0.0
2020-11-30,0.0
2020-12-01,0.0
2020-12-02,0.0
2020-12-03,0.0
2020-12-04,0.0
2020-12-05,0.0
2020-12-06,0.0
2020-12-07,0.0
2020-12-08,0.0
2020-12-09,0.0
2020-12-10,0.0
2020-12-11,0.0
2020-12-12,0.0
2020-12-13,0.0
2020-12-14,0.0
2020-12-15,0.0
2020-12-16,0.0
2020-12-17,0.0
2020-12-18,0.0
2020-12-19,0.0
2020-12-20,0.0
2020-12-21,0.0
2020-12-22,0.0
2020-12-23,0.0
2020-12-24,0.0
2020-12-25,0.0
2020-12-26,0.0
2020-12-27,0.0
2020-12-28,0.0
2020-12-29,0.0
2020-12-30,0.0
2020-12-31,0.0
2021-01-01,0.0
2021-01-02,0.0
2021-01-03,0.0
2021-01-04,0.0
2021-01-05,0.0
2021-01-06,0.0
2021-01-07,0.0
2021-01-08,0.0
2021-01-09,0.0
2021-01-10,0.0
2021-01-11,0.0
2021-01-12,0.0
2021-01-13,0.0
2021-01-14,0.0
2021-01-15,0.0
2021-01-16,0.0
2021-01-17,0.0
2021-01-18,0.0
2021-01-19,0.0
2021-01-20,0.0
2021-01-21,0.0
2021-01-22,0.0
2021-01-23,0.0
2021-01-24,0.0
2021-01-25,0.0
2021-01-26,0.0
2021-01-27,0.0
2021-01-28,0.0
2021-01-29,0.0
2021-01-30,0.0
2021-01-31,0.0
2021-02-01,0.0
2021-02-02,0.0
2021-02-03,0.0
2021-02-04,0.0
2021-02-05,0.0
2021-02-06,0.0
2021-02-07,0.0
2021-02-08,0.0
2021-02-09,0.0
2021-02-10,0.0
2021-02-11,0.0
2021-02-12,0.0
2021-02-13,0.0
2021-02-14,0.0
2021-02-15,0.0
2021-02-16,0.0
2021-02-17,0.0
2021-02-18,0.0
2021-02-19,0.0
2021-02-20,0.0
2021-02-21,0.0
2021-02-22,0.0
2021-02-23,0.0
2021-02-24,0.0
2021-02-25,0.0
2021-02-26,0.0
2021-02-27,0.0
2021-02-28,0.0
2021-03-01,0.0
2021-03-02,0.0
2021-03-03,0.0
2021-03-04,0.0
2021-03-05,0.0
2021-03-06,0.0
2021-03-07,0.0
2021-03-08,0.0
2021-03-09,0.0
2021-03-10,0.0
2021-03-11,0.0
2021-03-12,0.0
2021-03-13,0.0
2021-03-14,0.0
2021-03-15,0.0
2021-03-16,0.0
2021-03-17,0.0
2021-03-18,0.0
2021-03-19,0.0
2021-03-20,0.0
2021-03-21,0.0
2021-03-22,0.0
2021-03-23,0.0
2021-03-24,0.0
2021-03-25,74.5
2021-03-26,354.0
2021-03-27,605.0
2021-03-28,575.0
2021-03-29,498.0
2021-03-30,447.0
2021-03-31,485.0
2021-04-01,529.0
2021-04-02,560.0
2021-04-03,547.0
2021-04-04,530.0
2021-04-05,499.0
2021-04-06,436.0
2021-04-07,367.0
2021-04-08,306.0
2021-04-09,276.0
2021-04-10,250.0
2021-04-11,223.0
2021-04-12,196.0
2021-04-13,171.0
2021-04-14,150.0
2021-04-15,131.0
2021-04-16,139.0
2021-04-17,154.0
2021-04-18,160.0
2021-04-19,146.0
2021-04-20,128.0
2021-04-21,113.0
2021-04-22,102.0
2021-04-23,92.5
2021-04-24,83.0
2021-04-25,72.9
2021-04-26,62.9
2021-04-27,54.1
2021-04-28,48.3
2021-04-29,43.5
2021-04-30,38.2
2021-05-01,33.1
2021-05-02,28.9
2021-05-03,28.6
2021-05-04,28.7
2021-05-05,28.5
2021-05-06,28.3
2021-05-07,28.3
2021-05-08,28.2
2021-05-09,34.3
2021-05-10,62.2
2021-05-11,91.2
2021-05-12,121.0
2021-05-13,151.0
2021-05-14,180.0
2021-05-15,208.0
2021-05-16,199.0
2021-05-17,178.0
2021-05-18,158.0
2021-05-19,136.0
2021-05-20,116.0
2021-05-21,95.1
2021-05-22,78.3
2021-05-23,72.7
2021-05-24,68.2
2021-05-25,63.7
2021-05-26,59.5
2021-05-27,55.0
2021-05-28,51.9
2021-05-29,48.9
2021-05-30,46.0
2021-05-31,44.3
2021-06-01,95.4
2021-06-02,177.0
2021-06-03,255.0
2021-06-04,243.0
2021-06-05,190.0
2021-06-06,135.0
2021-06-07,91.9
2021-06-08,89.8
2021-06-09,90.6
2021-06-10,91.2
2021-06-11,92.0
2021-06-12,92.4
2021-06-13,300.0
2021-06-14,1230.0
2021-06-15,1170.0
2021-06-16,3380.0
2021-06-17,7160.0
2021-06-18,1420.0
2021-06-19,781.0
2021-06-20,599.0
2021-06-21,422.0
2021-06-22,280.0
2021-06-23,244.0
2021-06-24,216.0
2021-06-25,188.0
2021-06-26,160.0
2021-06-27,132.0
2021-06-28,110.0
2021-06-29,110.0
2021-06-30,8540.0
2021-07-01,7890.0
2021-07-02,16700.0
2021-07-03,21400.0
2021-07-04,35900.0
2021-07-05,16900.0
2021-07-06,1760.0
2021-07-07,1130.0
2021-07-08,1660.0
2021-07-09,1330.0
2021-07-10,523.0
2021-07-11,333.0
2021-07-12,468.0
2021-07-13,7730.0
2021-07-14,4910.0
2021-07-15,2650.0
2021-07-16,1700.0
2021-07-17,1850.0
2021-07-18,2560.0
2021-07-19,1870.0
2021-07-20,1200.0
2021-07-21,669.0
2021-07-22,641.0
2021-07-23,917.0
2021-07-24,1390.0
2021-07-25,1760.0
2021-07-26,4160.0
2021-07-27,3630.0
2021-07-28,2020.0
2021-07-29,1620.0
2021-07-30,1250.0
2021-07-31,862.0
2021-08-01,3700.0
2021-08-02,6190.0
2021-08-03,3160.0
2021-08-04,3980.0
2021-08-05,4650.0
2021-08-06,1220.0
2021-08-07,955.0
2021-08-08,1140.0
2021-08-09,2110.0
2021-08-10,2720.0
2021-08-11,3480.0
2021-08-12,2230.0
2021-08-13,1380.0
2021-08-14,1100.0
2021-08-15,1000.0
2021-08-16,898.0
2021-08-17,815.0
2021-08-18,766.0
2021-08-19,725.0
2021-08-20,681.0
2021-08-21,765.0
2021-08-22,1250.0
2021-08-23,1530.0
2021-08-24,1160.0
2021-08-25,6080.0
2021-08-26,1700.0
2021-08-27,1200.0
2021-08-28,1070.0
2021-08-29,891.0
2021-08-30,811.0
2021-08-31,797.0
2021-09-01,777.0
2021-09-02,748.0
2021-09-03,698.0
2021-09-04,639.0
2021-09-05,621.0
2021-09-06,1810.0
2021-09-07,2290.0
2021-09-08,2800.0
2021-09-09,1810.0
2021-09-10,1460.0
2021-09-11,1210.0
2021-09-12,958.0
2021-09-13,714.0
2021-09-14,639.0
2021-09-15,617.0
2021-09-16,592.0
2021-09-17,567.0
2021-09-18,548.0
2021-09-19,533.0
2021-09-20,521.0
2021-09-21,505.0
2021-09-22,477.0
2021-09-23,449.0
2021-09-24,418.0
2021-09-25,389.0
2021-09-26,365.0
2021-09-27,353.0
2021-09-28,344.0
2021-09-29,333.0
2021-09-30,322.0
2021-10-01,313.0
2021-10-02,303.0
2021-10-03,293.0
2021-10-04,283.0
2021-10-05,274.0
2021-10-06,264.0
2021-10-07,250.0
2021-10-08,236.0
2021-10-09,222.0
2021-10-10,208.0
2021-10-11,197.0
2021-10-12,193.0
2021-10-13,191.0
2021-10-14,188.0
2021-10-15,187.0
2021-10-16,183.0
2021-10-17,173.0
2021-10-18,163.0
2021-10-19,154.0
2021-10-20,144.0
2021-10-21,136.0
2021-10-22,132.0
2021-10-23,128.0
2021-10-24,124.0
2021-10-25,121.0
2021-10-26,116.0
2021-10-27,106.0
2021-10-28,96.5
2021-10-29,86.6
2021-10-30,76.5
2021-10-31,66.8
2021-11-01,57.4
2021-11-02,50.2
2021-11-03,43.0
2021-11-04,35.9
2021-11-05,28.6
2021-11-06,22.2
2021-11-07,17.4
2021-11-08,12.9
2021-11-09,8.3
2021-11-10,3.8
2021-11-11,0.3
2021-11-12,0.0
2021-11-13,0.0
2021-11-14,0.0
2021-11-15,0.0
2021-11-16,0.0
2021-11-17,0.0
2021-11-18,0.0
2021-11-19,0.0
2021-11-20,0.0
2021-11-21,0.0
2021-11-22,0.0
2021-11-23,0.0
2021-11-24,0.0
2021-11-25,0.0
2021-11-26,0.0
2021-11-27,0.0
2021-11-28,0.0
2021-11-29,0.0
2021-11-30,0.0
2021-12-01,0.0
2021-12-02,0.0
2021-12-03,0.0
2021-12-04,0.0
2021-12-05,0.0
2021-12-06,0.0
2021-12-07,0.0
2021-12-08,0.0
2021-12-09,0.0
2021-12-10,0.0
2021-12-11,0.0
2021-12-12,0.0
2021-12-13,0.0
2021-12-14,0.0
2021-12-15,0.0
2021-12-16,0.0
2021-12-17,0.0
2021-12-18,0.0
2021-12-19,0.0
2021-12-20,0.0
2021-12-21,0.0
2021-12-22,0.0
2021-12-23,0.0
2021-12-24,0.0
2021-12-25,0.0
2021-12-26,0.0
2021-12-27,0.0
2021-12-28,0.0
2021-12-29,0.0
2021-12-30,0.0
2021-12-31,0.0
2022-01-01,0.0
2022-01-02,0.0
2022-01-03,0.0
2022-01-04,0.0
2022-01-05,0.0
2022-01-06,0.0
2022-01-07,0.0
2022-01-08,0.0
2022-01-09,0.0
2022-01-10,0.0
2022-01-11,0.0
2022-01-12,0.0
2022-01-13,0.0
2022-01-14,0.0
2022-01-15,0.0
2022-01-16,0.0
2022-01-17,0.0
2022-01-18,0.0
2022-01-19,0.0
2022-01-20,0.0
2022-01-21,0.0
2022-01-22,0.0
2022-01-23,0.0
2022-01-24,0.0
2022-01-25,0.0
2022-01-26,0.0
2022-01-27,0.0
2022-01-28,0.0
2022-01-29,0.0
2022-01-30,0.0
2022-01-31,0.0
2022-02-01,0.0
2022-02-02,0.0
2022-02-03,0.0
2022-02-04,0.0
2022-02-05,0.0
2022-02-06,0.0
2022-02-07,0.0
2022-02-08,0.0
2022-02-09,0.0
2022-02-10,0.0
2022-02-11,0.0
2022-02-12,0.0
2022-02-13,0.0
2022-02-14,0.0
2022-02-15,0.0
2022-02-16,0.0
2022-02-17,0.0
2022-02-18,0.0
2022-02-19,0.0
2022-02-20,0.0
2022-02-21,0.0
2022-02-22,0.0
2022-02-23,0.0
2022-02-24,0.0
2022-02-25,0.0
2022-02-26,0.0
2022-02-27,0.0
2022-02-28,0.0
2022-03-01,0.0
2022-03-02,0.0
2022-03-03,0.0
2022-03-04,0.0
2022-03-05,0.0
2022-03-06,0.0
2022-03-07,0.0
2022-03-08,0.0
2022-03-09,0.0
2022-03-10,0.0
2022-03-11,0.0
2022-03-12,0.0
2022-03-13,0.0
2022-03-14,0.0
2022-03-15,0.0
2022-03-16,0.0
2022-03-17,0.0
2022-03-18,0.0
2022-03-19,0.0
2022-03-20,0.0
2022-03-21,0.0
2022-03-22,0.0
2022-03-23,0.0
2022-03-24,0.0
2022-03-25,0.0
2022-03-26,0.0
2022-03-27,0.0
2022-03-28,145.0
2022-03-29,698.0
2022-03-30,1140.0
2022-03-31,1200.0
2022-04-01,1210.0
2022-04-02,1240.0
2022-04-03,1290.0
2022-04-04,1340.0
2022-04-05,1380.0
2022-04-06,1390.0
2022-04-07,1410.0
2022-04-08,1430.0
2022-04-09,1440.0
2022-04-10,1400.0
2022-04-11,1190.0
2022-04-12,978.0
2022-04-13,761.0
2022-04-14,540.0
2022-04-15,369.0
2022-04-16,361.0
2022-04-17,367.0
2022-04-18,369.0
2022-04-19,347.0
2022-04-20,322.0
2022-04-21,298.0
2022-04-22,273.0
2022-04-23,247.0
2022-04-24,224.0
2022-04-25,205.0
2022-04-26,187.0
2022-04-27,169.0
2022-04-28,151.0
2022-04-29,136.0
2022-04-30,130.0
2022-05-01,126.0
2022-05-02,120.0
2022-05-03,119.0
2022-05-04,125.0
2022-05-05,133.0
2022-05-06,141.0
2022-05-07,143.0
2022-05-08,125.0
2022-05-09,106.0
2022-05-10,86.7
2022-05-11,68.6
2022-05-12,105.0
2022-05-13,264.0
2022-05-14,246.0
2022-05-15,205.0
2022-05-16,166.0
2022-05-17,126.0
2022-05-18,94.2
2022-05-19,85.7
2022-05-20,78.3
2022-05-21,72.0
2022-05-22,64.5
2022-05-23,57.9
2022-05-24,51.8
2022-05-25,49.3
2022-05-26,46.9
2022-05-27,45.2
2022-05-28,45.1
2022-05-29,45.1
2022-05-30,45.3
2022-05-31,45.5
2022-06-01,45.0
2022-06-02,42.9
2022-06-03,40.6
2022-06-04,37.9
2022-06-05,240.0
2022-06-06,996.0
2022-06-07,1080.0
2022-06-08,846.0
2022-06-09,599.0
2022-06-10,357.0
2022-06-11,188.0
2022-06-12,403.0
2022-06-13,5130.0
2022-06-14,7850.0
2022-06-15,2290.0
2022-06-16,16200.0
2022-06-17,8310.0
2022-06-18,1580.0
2022-06-19,935.0
2022-06-20,760.0
2022-06-21,585.0
2022-06-22,415.0
2022-06-23,647.0
2022-06-24,2240.0
2022-06-25,3820.0
2022-06-26,3330.0
2022-06-27,1660.0
2022-06-28,367.0
2022-06-29,258.0
2022-06-30,239.0
2022-07-01,389.0
2022-07-02,951.0
2022-07-03,1560.0
2022-07-04,2110.0
2022-07-05,1390.0
2022-07-06,7660.0
2022-07-07,6790.0
2022-07-08,1260.0
2022-07-09,691.0
2022-07-10,592.0
2022-07-11,493.0
2022-07-12,396.0
2022-07-13,325.0
2022-07-14,1570.0
2022-07-15,2150.0
2022-07-16,996.0
2022-07-17,444.0
2022-07-18,371.0
2022-07-19,342.0
2022-07-20,311.0
2022-07-21,280.0
2022-07-22,314.0
2022-07-23,566.0
2022-07-24,830.0
2022-07-25,631.0
2022-07-26,252.0
2022-07-27,4380.0
2022-07-28,1420.0
2022-07-29,971.0
2022-07-30,822.0
2022-07-31,668.0
2022-08-01,521.0
2022-08-02,373.0
2022-08-03,226.0
2022-08-04,134.0
2022-08-05,225.0
2022-08-06,238.0
2022-08-07,206.0
2022-08-08,177.0
2022-08-09,154.0
2022-08-10,129.0
2022-08-11,105.0
2022-08-12,81.0
2022-08-13,65.7
2022-08-14,79.2
2022-08-15,195.0
2022-08-16,461.0
2022-08-17,336.0
2022-08-18,175.0
2022-08-19,104.0
2022-08-20,85.6
2022-08-21,69.4
2022-08-22,61.5
2022-08-23,53.8
2022-08-24,46.3
2022-08-25,38.6
2022-08-26,32.5
2022-08-27,31.6
2022-08-28,31.0
2022-08-29,30.5
2022-08-30,30.1
2022-08-31,29.5
2022-09-01,29.4
2022-09-02,30.5
2022-09-03,31.8
2022-09-04,33.0
2022-09-05,34.2
2022-09-06,45.3
2022-09-07,87.1
2022-09-08,131.0
2022-09-09,176.0
2022-09-10,222.0
2022-09-11,266.0
2022-09-12,296.0
2022-09-13,282.0
2022-09-14,264.0
2022-09-15,247.0
2022-09-16,229.0
2022-09-17,211.0
2022-09-18,189.0
2022-09-19,157.0
2022-09-20,123.0
2022-09-21,88.1
2022-09-22,53.8
2022-09-23,26.9
2022-09-24,24.5
2022-09-25,23.6
2022-09-26,22.5
2022-09-27,21.6
2022-09-28,21.0
2022-09-29,21.2
2022-09-30,21.6
2022-10-01,21.9
2022-10-02,22.2
2022-10-03,22.4
2022-10-04,21.8
2022-10-05,21.4
2022-10-06,20.8
2022-10-07,20.2
2022-10-08,19.9
2022-10-09,20.3
2022-10-10,20.7
2022-10-11,21.1
2022-10-12,21.6
2022-10-13,21.3
2022-10-14,18.6
2022-10-15,15.6
2022-10-16,12.7
2022-10-17,9.7
2022-10-18,7.1
2022-10-19,5.2
2022-10-20,3.3
2022-10-21,0.5
2022-10-22,0.0
2022-10-23,0.0
2022-10-24,0.0
2022-10-25,0.0
2022-10-26,0.0
2022-10-27,0.0
2022-10-28,0.0
2022-10-29,0.0
2022-10-30,0.0
2022-10-31,0.0
2022-11-01,0.0
2022-11-02,0.0
2022-11-03,0.0
2022-11-04,0.0
2022-11-05,0.0
2022-11-06,0.0
2022-11-07,0.0
2022-11-08,0.0
2022-11-09,0.0
2022-11-10,0.0
2022-11-11,0.0
2022-11-12,0.0
2022-11-13,0.0
2022-11-14,0.0
2022-11-15,0.0
2022-11-16,0.0
2022-11-17,0.0
2022-11-18,0.0
2022-11-19,0.0
2022-11-20,0.0
2022-11-21,0.0
2022-11-22,0.0
2022-11-23,0.0
2022-11-24,0.0
2022-11-25,0.0
2022-11-26,0.0
2022-11-27,0.0
2022-11-28,0.0
2022-11-29,0.0
2022-11-30,0.0
2022-12-01,0.0
2022-12-02,0.0
2022-12-03,0.0
2022-12-04,0.0
2022-12-05,0.0
2022-12-06,0.0
2022-12-07,0.0
2022-12-08,0.0
2022-12-09,0.0
2022-12-10,0.0
2022-12-11,0.0
2022-12-12,0.0
2022-12-13,0.0
2022-12-14,0.0
2022-12-15,0.0
2022-12-16,0.0
2022-12-17,0.0
2022-12-18,0.0
2022-12-19,0.0
2022-12-20,0.0
2022-12-21,0.0
2022-12-22,0.0
2022-12-23,0.0
2022-12-24,0.0
2022-12-25,0.0
2022-12-26,0.0
2022-12-27,0.0
2022-12-28,0.0
2022-12-29,0.0
2022-12-30,0.0
2022-12-31,0.0
