date,discharge
2012-01-01,0.977
2012-01-02,0.914
2012-01-03,0.852
2012-01-04,0.789
2012-01-05,0.726
2012-01-06,0.664
2012-01-07,0.602
2012-01-08,0.539
2012-01-09,0.477
2012-01-10,0.414
2012-01-11,0.359
2012-01-12,0.346
2012-01-13,0.34
2012-01-14,0.333
2012-01-15,0.327
2012-01-16,0.32
2012-01-17,0.314
2012-01-18,0.307
2012-01-19,0.301
2012-01-20,0.294
2012-01-21,0.287
2012-01-22,0.274
2012-01-23,0.26
2012-01-24,0.246
2012-01-25,0.232
2012-01-26,0.218
2012-01-27,0.205
2012-01-28,0.191
2012-01-29,0.177
2012-01-30,0.163
2012-01-31,0.149
2012-02-01,0.137
2012-02-02,0.141
2012-02-03,0.146
2012-02-04,0.152
2012-02-05,0.157
2012-02-06,0.163
2012-02-07,0.168
2012-02-08,0.174
2012-02-09,0.179
2012-02-10,0.185
2012-02-11,0.189
2012-02-12,0.19
2012-02-13,0.19
2012-02-14,0.19
2012-02-15,0.19
2012-02-16,0.19
2012-02-17,0.189
2012-02-18,0.189
2012-02-19,0.189
2012-02-20,0.189
2012-02-21,0.192
2012-02-22,0.213
2012-02-23,0.237
2012-02-24,0.261
2012-02-25,0.285
2012-02-26,0.308
2012-02-27,0.332
2012-02-28,0.356
2012-02-29,0.38
2012-03-01,0.404
2012-03-02,0.428
2012-03-03,0.452
2012-03-04,0.476
2012-03-05,0.5
2012-03-06,0.524
2012-03-07,0.549
2012-03-08,0.573
2012-03-09,0.597
2012-03-10,0.621
2012-03-11,0.655
2012-03-12,0.746
2012-03-13,0.844
2012-03-14,0.944
2012-03-15,1.04
2012-03-16,1.14
2012-03-17,1.24
2012-03-18,1.34
2012-03-19,1.44
2012-03-20,1.56
2012-03-21,1.78
2012-03-22,2.16
2012-03-23,2.64
2012-03-24,3.29
2012-03-25,4.27
2012-03-26,5.87
2012-03-27,7.56
2012-03-28,9.18
2012-03-29,10.3
2012-03-30,10.9
2012-03-31,10.7
2012-04-01,10.3
2012-04-02,9.87
2012-04-03,9.07
2012-04-04,7.94
2012-04-05,7.35
2012-04-06,7.54
2012-04-07,7.96
2012-04-08,8.53
2012-04-09,9.22
2012-04-10,10.0
2012-04-11,10.9
2012-04-12,11.5
2012-04-13,10.9
2012-04-14,9.85
2012-04-15,8.87
2012-04-16,8.27
2012-04-17,8.52
2012-04-18,8.99
2012-04-19,8.92
2012-04-20,8.7
2012-04-21,8.36
2012-04-22,7.97
2012-04-23,7.6
2012-04-24,7.12
2012-04-25,6.75
2012-04-26,6.11
2012-04-27,6.22
2012-04-28,6.54
2012-04-29,6.57
2012-04-30,6.27
2012-05-01,5.66
2012-05-02,5.18
2012-05-03,4.96
2012-05-04,4.82
2012-05-05,4.63
2012-05-06,4.46
2012-05-07,4.3
2012-05-08,4.3
2012-05-09,4.3
2012-05-10,4.3
2012-05-11,4.3
2012-05-12,4.6
2012-05-13,5.8
2012-05-14,5.63
2012-05-15,5.32
2012-05-16,5.28
2012-05-17,5.27
2012-05-18,5.3
2012-05-19,6.5
2012-05-20,6.3
2012-05-21,6.83
2012-05-22,7.82
2012-05-23,8.67
2012-05-24,8.87
2012-05-25,9.64
2012-05-26,10.2
2012-05-27,9.41
2012-05-28,8.02
2012-05-29,7.94
2012-05-30,7.63
2012-05-31,6.65
2012-06-01,5.81
2012-06-02,5.64
2012-06-03,8.05
2012-06-04,8.02
2012-06-05,7.79
2012-06-06,7.73
2012-06-07,11.4
2012-06-08,8.29
2012-06-09,7.94
2012-06-10,7.79
2012-06-11,7.44
2012-06-12,9.99
2012-06-13,19.3
2012-06-14,13.7
2012-06-15,12.8
2012-06-16,16.9
2012-06-17,22.9
2012-06-18,24.0
2012-06-19,14.5
2012-06-20,12.2
2012-06-21,11.2
2012-06-22,10.3
2012-06-23,9.75
2012-06-24,9.52
2012-06-25,11.4
2012-06-26,14.4
2012-06-27,15.3
2012-06-28,17.2
2012-06-29,17.2
2012-06-30,13.0
2012-07-01,12.6
2012-07-02,15.3
2012-07-03,18.0
2012-07-04,17.7
2012-07-05,15.3
2012-07-06,14.0
2012-07-07,12.6
2012-07-08,12.2
2012-07-09,15.7
2012-07-10,16.0
2012-07-11,23.9
2012-07-12,38.4
2012-07-13,22.9
2012-07-14,20.1
2012-07-15,19.1
2012-07-16,16.4
2012-07-17,14.5
2012-07-18,13.1
2012-07-19,12.3
2012-07-20,11.9
2012-07-21,18.0
2012-07-22,47.3
2012-07-23,35.3
2012-07-24,31.2
2012-07-25,38.9
2012-07-26,139.0
2012-07-27,92.0
2012-07-28,78.4
2012-07-29,122.0
2012-07-30,114.0
2012-07-31,107.0
2012-08-01,97.9
2012-08-02,88.0
2012-08-03,80.4
2012-08-04,70.7
2012-08-05,66.4
2012-08-06,63.5
2012-08-07,57.1
2012-08-08,51.7
2012-08-09,47.3
2012-08-10,45.6
2012-08-11,42.3
2012-08-12,38.3
2012-08-13,36.9
2012-08-14,35.6
2012-08-15,34.4
2012-08-16,31.5
2012-08-17,29.9
2012-08-18,31.3
2012-08-19,30.1
2012-08-20,28.7
2012-08-21,27.1
2012-08-22,25.3
2012-08-23,23.0
2012-08-24,21.7
2012-08-25,20.4
2012-08-26,19.8
2012-08-27,19.5
2012-08-28,19.0
2012-08-29,18.4
2012-08-30,17.9
2012-08-31,17.6
2012-09-01,17.2
2012-09-02,18.4
2012-09-03,23.6
2012-09-04,24.5
2012-09-05,25.1
2012-09-06,22.7
2012-09-07,20.5
2012-09-08,19.3
2012-09-09,18.4
2012-09-10,17.6
2012-09-11,24.4
2012-09-12,24.3
2012-09-13,24.3
2012-09-14,23.8
2012-09-15,21.5
2012-09-16,19.8
2012-09-17,18.8
2012-09-18,18.3
2012-09-19,18.1
2012-09-20,17.6
2012-09-21,17.2
2012-09-22,16.9
2012-09-23,17.2
2012-09-24,17.0
2012-09-25,17.5
2012-09-26,18.7
2012-09-27,18.6
2012-09-28,20.4
2012-09-29,19.2
2012-09-30,17.9
2012-10-01,17.4
2012-10-02,17.2
2012-10-03,22.2
2012-10-04,27.4
2012-10-05,25.2
2012-10-06,23.3
2012-10-07,21.1
2012-10-08,19.9
2012-10-09,19.3
2012-10-10,18.8
2012-10-11,18.3
2012-10-12,17.9
2012-10-13,18.8
2012-10-14,18.8
2012-10-15,18.5
2012-10-16,19.4
2012-10-17,19.8
2012-10-18,19.3
2012-10-19,18.2
2012-10-20,17.7
2012-10-21,16.5
2012-10-22,16.5
2012-10-23,17.0
2012-10-24,16.8
2012-10-25,16.8
2012-10-26,16.8
2012-10-27,16.8
2012-10-28,16.1
2012-10-29,14.4
2012-10-30,13.3
2012-10-31,13.1
2012-11-01,13.1
2012-11-02,13.1
2012-11-03,13.1
2012-11-04,13.0
2012-11-05,13.0
2012-11-06,12.9
2012-11-07,12.7
2012-11-08,12.0
2012-11-09,11.0
2012-11-10,10.5
2012-11-11,10.4
2012-11-12,10.3
2012-11-13,10.1
2012-11-14,9.93
2012-11-15,9.81
2012-11-16,9.71
2012-11-17,9.57
2012-11-18,8.94
2012-11-19,7.81
2012-11-20,6.78
2012-11-21,6.06
2012-11-22,5.55
2012-11-23,5.28
2012-11-24,5.09
2012-11-25,4.95
2012-11-26,4.76
2012-11-27,4.53
2012-11-28,4.3
2012-11-29,4.07
2012-11-30,3.84
2012-12-01,3.62
2012-12-02,3.41
2012-12-03,3.22
2012-12-04,3.03
2012-12-05,2.85
2012-12-06,2.66
2012-12-07,2.48
2012-12-08,2.3
2012-12-09,2.11
2012-12-10,1.93
2012-12-11,1.74
2012-12-12,1.58
2012-12-13,1.54
2012-12-14,1.52
2012-12-15,1.5
2012-12-16,1.48
2012-12-17,1.45
2012-12-18,1.43
2012-12-19,1.41
2012-12-20,1.39
2012-12-21,1.36
2012-12-22,1.34
2012-12-23,1.35
2012-12-24,1.36
2012-12-25,1.36
2012-12-26,1.37
2012-12-27,1.38
2012-12-28,1.39
2012-12-29,1.4
2012-12-30,1.41
2012-12-31,1.41
2013-01-01,1.41
2013-01-02,1.35
2013-01-03,1.28
2013-01-04,1.21
2013-01-05,1.15
2013-01-06,1.08
2013-01-07,1.01
2013-01-08,0.939
2013-01-09,0.87
2013-01-10,0.802
2013-01-11,0.743
2013-01-12,0.735
2013-01-13,0.736
2013-01-14,0.736
2013-01-15,0.737
2013-01-16,0.737
2013-01-17,0.737
2013-01-18,0.738
2013-01-19,0.738
2013-01-20,0.739
2013-01-21,0.742
2013-01-22,0.758
2013-01-23,0.776
2013-01-24,0.795
2013-01-25,0.813
2013-01-26,0.832
2013-01-27,0.851
2013-01-28,0.869
2013-01-29,0.888
2013-01-30,0.906
2013-01-31,0.925
2013-02-01,0.943
2013-02-02,0.96
2013-02-03,0.977
2013-02-04,0.993
2013-02-05,1.01
2013-02-06,1.02
2013-02-07,1.04
2013-02-08,1.06
2013-02-09,1.07
2013-02-10,1.09
2013-02-11,1.11
2013-02-12,1.12
2013-02-13,1.13
2013-02-14,1.15
2013-02-15,1.16
2013-02-16,1.17
2013-02-17,1.19
2013-02-18,1.2
2013-02-19,1.21
2013-02-20,1.23
2013-02-21,1.24
2013-02-22,1.25
2013-02-23,1.26
2013-02-24,1.27
2013-02-25,1.28
2013-02-26,1.29
2013-02-27,1.3
2013-02-28,1.31
2013-03-01,1.32
2013-03-02,1.3
2013-03-03,1.26
2013-03-04,1.24
2013-03-05,1.2
2013-03-06,1.18
2013-03-07,1.14
2013-03-08,1.12
2013-03-09,1.08
2013-03-10,1.06
2013-03-11,1.05
2013-03-12,1.21
2013-03-13,1.39
2013-03-14,1.57
2013-03-15,1.74
2013-03-16,1.92
2013-03-17,2.1
2013-03-18,2.27
2013-03-19,2.45
2013-03-20,2.63
2013-03-21,2.8
2013-03-22,2.98
2013-03-23,3.16
2013-03-24,3.34
2013-03-25,3.52
2013-03-26,3.74
2013-03-27,4.13
2013-03-28,4.54
2013-03-29,4.96
2013-03-30,5.38
2013-03-31,5.79
2013-04-01,6.21
2013-04-02,6.63
2013-04-03,7.02
2013-04-04,7.42
2013-04-05,7.84
2013-04-06,8.46
2013-04-07,9.16
2013-04-08,10.4
2013-04-09,12.0
2013-04-10,13.9
2013-04-11,15.7
2013-04-12,17.4
2013-04-13,18.8
2013-04-14,19.6
2013-04-15,19.9
2013-04-16,19.9
2013-04-17,19.5
2013-04-18,18.7
2013-04-19,18.3
2013-04-20,19.3
2013-04-21,20.6
2013-04-22,22.3
2013-04-23,26.8
2013-04-24,31.1
2013-04-25,29.3
2013-04-26,23.7
2013-04-27,19.6
2013-04-28,19.4
2013-04-29,25.7
2013-04-30,34.2
2013-05-01,25.8
2013-05-02,22.6
2013-05-03,20.0
2013-05-04,17.2
2013-05-05,15.3
2013-05-06,14.2
2013-05-07,13.4
2013-05-08,13.2
2013-05-09,12.7
2013-05-10,11.9
2013-05-11,11.6
2013-05-12,11.3
2013-05-13,11.4
2013-05-14,44.2
2013-05-15,73.6
2013-05-16,38.8
2013-05-17,32.2
2013-05-18,23.5
2013-05-19,22.0
2013-05-20,19.4
2013-05-21,18.5
2013-05-22,20.3
2013-05-23,16.5
2013-05-24,15.4
2013-05-25,14.7
2013-05-26,14.4
2013-05-27,14.1
2013-05-28,19.9
2013-05-29,21.7
2013-05-30,20.6
2013-05-31,17.6
2013-06-01,14.8
2013-06-02,15.0
2013-06-03,20.9
2013-06-04,23.0
2013-06-05,20.5
2013-06-06,19.5
2013-06-07,20.0
2013-06-08,20.7
2013-06-09,23.9
2013-06-10,23.8
2013-06-11,21.8
2013-06-12,21.6
2013-06-13,18.6
2013-06-14,18.1
2013-06-15,18.4
2013-06-16,17.7
2013-06-17,17.6
2013-06-18,17.2
2013-06-19,18.1
2013-06-20,18.8
2013-06-21,19.6
2013-06-22,18.6
2013-06-23,18.0
2013-06-24,17.8
2013-06-25,18.0
2013-06-26,20.4
2013-06-27,25.0
2013-06-28,26.5
2013-06-29,26.1
2013-06-30,30.3
2013-07-01,39.1
2013-07-02,42.5
2013-07-03,41.7
2013-07-04,36.7
2013-07-05,35.2
2013-07-06,32.8
2013-07-07,32.6
2013-07-08,32.0
2013-07-09,31.4
2013-07-10,30.5
2013-07-11,29.3
2013-07-12,28.4
2013-07-13,28.3
2013-07-14,27.5
2013-07-15,29.5
2013-07-16,46.7
2013-07-17,38.6
2013-07-18,42.8
2013-07-19,53.1
2013-07-20,48.5
2013-07-21,40.5
2013-07-22,37.1
2013-07-23,42.2
2013-07-24,48.0
2013-07-25,53.3
2013-07-26,47.3
2013-07-27,47.2
2013-07-28,57.8
2013-07-29,65.5
2013-07-30,66.9
2013-07-31,75.6
2013-08-01,58.3
2013-08-02,75.9
2013-08-03,90.9
2013-08-04,106.0
2013-08-05,99.8
2013-08-06,97.9
2013-08-07,95.1
2013-08-08,89.3
2013-08-09,84.6
2013-08-10,80.2
2013-08-11,73.5
2013-08-12,68.9
2013-08-13,64.1
2013-08-14,59.1
2013-08-15,55.8
2013-08-16,53.5
2013-08-17,55.7
2013-08-18,57.8
2013-08-19,53.4
2013-08-20,49.8
2013-08-21,50.3
2013-08-22,52.0
2013-08-23,48.3
2013-08-24,44.4
2013-08-25,43.0
2013-08-26,42.7
2013-08-27,42.3
2013-08-28,44.7
2013-08-29,60.4
2013-08-30,60.3
2013-08-31,55.9
2013-09-01,53.1
2013-09-02,49.7
2013-09-03,45.7
2013-09-04,42.5
2013-09-05,40.1
2013-09-06,39.2
2013-09-07,39.6
2013-09-08,37.8
2013-09-09,36.0
2013-09-10,37.4
2013-09-11,37.7
2013-09-12,36.0
2013-09-13,34.4
2013-09-14,34.3
2013-09-15,33.9
2013-09-16,32.7
2013-09-17,31.2
2013-09-18,31.1
2013-09-19,43.9
2013-09-20,51.0
2013-09-21,47.7
2013-09-22,43.7
2013-09-23,40.6
2013-09-24,36.2
2013-09-25,35.1
2013-09-26,34.5
2013-09-27,33.6
2013-09-28,33.0
2013-09-29,32.6
2013-09-30,31.9
2013-10-01,31.6
2013-10-02,31.6
2013-10-03,31.0
2013-10-04,30.5
2013-10-05,30.4
2013-10-06,29.8
2013-10-07,29.4
2013-10-08,29.0
2013-10-09,29.1
2013-10-10,30.8
2013-10-11,31.3
2013-10-12,30.2
2013-10-13,28.8
2013-10-14,27.8
2013-10-15,27.2
2013-10-16,27.1
2013-10-17,27.1
2013-10-18,27.1
2013-10-19,27.1
2013-10-20,27.1
2013-10-21,26.8
2013-10-22,26.4
2013-10-23,28.7
2013-10-24,30.9
2013-10-25,31.0
2013-10-26,30.4
2013-10-27,29.8
2013-10-28,29.1
2013-10-29,28.1
2013-10-30,27.2
2013-10-31,26.8
2013-11-01,25.8
2013-11-02,25.7
2013-11-03,25.7
2013-11-04,25.4
2013-11-05,25.0
2013-11-06,24.8
2013-11-07,24.3
2013-11-08,21.5
2013-11-09,17.4
2013-11-10,15.3
2013-11-11,15.7
2013-11-12,16.2
2013-11-13,16.6
2013-11-14,17.1
2013-11-15,17.5
2013-11-16,17.8
2013-11-17,16.5
2013-11-18,14.5
2013-11-19,13.7
2013-11-20,13.5
2013-11-21,13.5
2013-11-22,13.5
2013-11-23,13.4
2013-11-24,13.2
2013-11-25,12.9
2013-11-26,12.1
2013-11-27,10.7
2013-11-28,9.37
2013-11-29,7.97
2013-11-30,6.59
2013-12-01,5.52
2013-12-02,5.4
2013-12-03,5.38
2013-12-04,5.36
2013-12-05,5.34
2013-12-06,5.32
2013-12-07,5.3
2013-12-08,5.28
2013-12-09,5.26
2013-12-10,5.24
2013-12-11,5.22
2013-12-12,5.21
2013-12-13,5.2
2013-12-14,5.19
2013-12-15,5.18
2013-12-16,5.17
2013-12-17,5.16
2013-12-18,5.15
2013-12-19,5.14
2013-12-20,5.13
2013-12-21,5.1
2013-12-22,4.95
2013-12-23,4.78
2013-12-24,4.61
2013-12-25,4.44
2013-12-26,4.27
2013-12-27,4.1
2013-12-28,3.93
2013-12-29,3.75
2013-12-30,3.58
2013-12-31,3.41
2014-01-01,3.24
2014-01-02,3.06
2014-01-03,2.87
2014-01-04,2.67
2014-01-05,2.48
2014-01-06,2.29
2014-01-07,2.1
2014-01-08,1.91
2014-01-09,1.72
2014-01-10,1.53
2014-01-11,1.36
2014-01-12,1.33
2014-01-13,1.32
2014-01-14,1.31
2014-01-15,1.29
2014-01-16,1.28
2014-01-17,1.27
2014-01-18,1.26
2014-01-19,1.25
2014-01-20,1.23
2014-01-21,1.22
2014-01-22,1.22
2014-01-23,1.21
2014-01-24,1.21
2014-01-25,1.21
2014-01-26,1.21
2014-01-27,1.2
2014-01-28,1.2
2014-01-29,1.2
2014-01-30,1.2
2014-01-31,1.19
2014-02-01,1.2
2014-02-02,1.24
2014-02-03,1.29
2014-02-04,1.34
2014-02-05,1.39
2014-02-06,1.44
2014-02-07,1.49
2014-02-08,1.54
2014-02-09,1.58
2014-02-10,1.63
2014-02-11,1.68
2014-02-12,1.7
2014-02-13,1.74
2014-02-14,1.76
2014-02-15,1.8
2014-02-16,1.82
2014-02-17,1.84
2014-02-18,1.88
2014-02-19,1.9
2014-02-20,1.94
2014-02-21,1.96
2014-02-22,1.98
2014-02-23,2.01
2014-02-24,2.04
2014-02-25,2.06
2014-02-26,2.08
2014-02-27,2.11
2014-02-28,2.14
2014-03-01,2.18
2014-03-02,2.29
2014-03-03,2.41
2014-03-04,2.54
2014-03-05,2.66
2014-03-06,2.79
2014-03-07,2.91
2014-03-08,3.04
2014-03-09,3.16
2014-03-10,3.29
2014-03-11,3.51
2014-03-12,4.26
2014-03-13,5.09
2014-03-14,5.92
2014-03-15,6.75
2014-03-16,7.57
2014-03-17,8.4
2014-03-18,9.23
2014-03-19,10.1
2014-03-20,10.9
2014-03-21,11.8
2014-03-22,13.0
2014-03-23,14.8
2014-03-24,17.5
2014-03-25,21.1
2014-03-26,25.4
2014-03-27,31.0
2014-03-28,35.4
2014-03-29,31.3
2014-03-30,25.5
2014-03-31,20.7
2014-04-01,21.1
2014-04-02,19.8
2014-04-03,16.3
2014-04-04,15.3
2014-04-05,14.4
2014-04-06,14.2
2014-04-07,14.6
2014-04-08,15.0
2014-04-09,15.1
2014-04-10,14.6
2014-04-11,14.6
2014-04-12,14.4
2014-04-13,14.1
2014-04-14,13.9
2014-04-15,13.6
2014-04-16,13.1
2014-04-17,12.6
2014-04-18,12.4
2014-04-19,12.1
2014-04-20,12.8
2014-04-21,13.1
2014-04-22,12.6
2014-04-23,12.4
2014-04-24,12.1
2014-04-25,11.8
2014-04-26,11.5
2014-04-27,11.2
2014-04-28,11.1
2014-04-29,10.7
2014-04-30,10.7
2014-05-01,10.7
2014-05-02,11.7
2014-05-03,12.6
2014-05-04,12.6
2014-05-05,12.4
2014-05-06,12.1
2014-05-07,11.7
2014-05-08,11.2
2014-05-09,11.2
2014-05-10,11.2
2014-05-11,12.2
2014-05-12,14.2
2014-05-13,16.4
2014-05-14,17.1
2014-05-15,17.6
2014-05-17,17.8
2014-05-18,21.0
2014-05-19,25.9
2014-05-20,25.5
2014-05-21,24.4
2014-05-22,22.9
2014-05-23,21.3
2014-05-24,20.4
2014-05-25,20.6
2014-05-26,20.9
2014-05-27,20.7
2014-05-28,19.9
2014-05-29,18.5
2014-05-30,18.2
2014-05-31,18.0
2014-06-01,17.4
2014-06-02,16.6
2014-06-03,16.6
2014-06-04,16.6
2014-06-05,16.2
2014-06-06,16.1
2014-06-07,16.2
2014-06-08,22.0
2014-06-09,29.5
2014-06-10,27.0
2014-06-11,24.8
2014-06-12,23.8
2014-06-13,22.6
2014-06-14,20.1
2014-06-15,20.6
2014-06-16,19.8
2014-06-17,19.4
2014-06-18,20.9
2014-06-19,21.0
2014-06-20,19.4
2014-06-21,17.7
2014-06-22,17.7
2014-06-23,16.0
2014-06-24,15.8
2014-06-25,17.4
2014-06-26,20.8
2014-06-27,19.8
2014-06-28,17.2
2014-06-29,15.7
2014-06-30,14.2
2014-07-01,12.9
2014-07-02,11.5
2014-07-03,14.7
2014-07-04,14.8
2014-07-05,13.1
2014-07-06,12.8
2014-07-07,15.7
2014-07-08,19.7
2014-07-09,15.3
2014-07-10,14.0
2014-07-11,15.1
2014-07-12,18.7
2014-07-13,17.8
2014-07-14,16.2
2014-07-15,15.9
2014-07-16,51.2
2014-07-17,28.0
2014-07-18,26.2
2014-07-19,25.1
2014-07-20,30.1
2014-07-21,57.3
2014-07-22,32.4
2014-07-23,26.3
2014-07-24,21.2
2014-07-25,19.4
2014-07-26,18.3
2014-07-27,19.1
2014-07-28,17.2
2014-07-29,14.8
2014-07-30,35.0
2014-07-31,18.6
2014-08-01,16.3
2014-08-02,15.1
2014-08-03,14.6
2014-08-04,14.4
2014-08-05,13.6
2014-08-06,12.9
2014-08-07,12.0
2014-08-08,11.5
2014-08-09,10.9
2014-08-10,19.5
2014-08-11,18.1
2014-08-12,15.0
2014-08-13,13.9
2014-08-14,14.4
2014-08-15,19.8
2014-08-16,19.4
2014-08-17,18.7
2014-08-18,17.5
2014-08-19,16.6
2014-08-20,15.9
2014-08-21,15.4
2014-08-22,14.4
2014-08-23,13.2
2014-08-24,14.2
2014-08-25,16.5
2014-08-26,18.2
2014-08-27,16.9
2014-08-28,15.7
2014-08-29,14.0
2014-08-30,12.7
2014-08-31,12.2
2014-09-01,13.6
2014-09-02,15.3
2014-09-03,14.9
2014-09-04,14.4
2014-09-05,13.9
2014-09-06,12.9
2014-09-07,12.1
2014-09-08,11.8
2014-09-09,11.5
2014-09-10,11.0
2014-09-11,10.7
2014-09-12,10.5
2014-09-13,10.3
2014-09-14,11.3
2014-09-15,11.7
2014-09-16,11.5
2014-09-17,11.0
2014-09-18,10.7
2014-09-19,10.5
2014-09-20,9.95
2014-09-21,9.89
2014-09-22,9.54
2014-09-23,9.5
2014-09-24,9.5
2014-09-25,9.5
2014-09-26,9.68
2014-09-27,10.2
2014-09-28,10.3
2014-09-29,10.1
2014-09-30,9.66
2014-10-01,13.1
2014-10-02,13.1
2014-10-03,12.6
2014-10-04,12.4
2014-10-05,12.1
2014-10-06,12.1
2014-10-07,11.8
2014-10-08,11.7
2014-10-09,11.2
2014-10-10,11.4
2014-10-11,13.0
2014-10-12,13.1
2014-10-13,12.6
2014-10-14,12.6
2014-10-15,12.3
2014-10-16,12.1
2014-10-17,11.9
2014-10-18,11.7
2014-10-19,11.7
2014-10-20,11.7
2014-10-21,11.5
2014-10-22,11.2
2014-10-23,11.2
2014-10-24,11.2
2014-10-25,11.2
2014-10-26,11.2
2014-10-27,10.7
2014-10-28,9.46
2014-10-29,9.44
2014-10-30,9.86
2014-10-31,10.3
2014-11-01,10.6
2014-11-02,10.4
2014-11-03,7.82
2014-11-04,7.41
2014-11-05,7.26
2014-11-06,7.15
2014-11-07,7.05
2014-11-08,6.97
2014-11-09,6.89
2014-11-10,6.8
2014-11-11,6.7
2014-11-12,6.34
2014-11-13,5.66
2014-11-14,4.98
2014-11-15,4.65
2014-11-16,4.54
2014-11-17,4.46
2014-11-18,4.39
2014-11-19,4.31
2014-11-20,4.23
2014-11-21,4.15
2014-11-22,4.08
2014-11-23,4.0
2014-11-24,3.92
2014-11-25,3.81
2014-11-26,3.56
2014-11-27,3.28
2014-11-28,3.02
2014-11-29,2.74
2014-11-30,2.48
2014-12-01,2.2
2014-12-02,1.94
2014-12-03,1.66
2014-12-04,1.39
2014-12-05,1.15
2014-12-06,1.1
2014-12-07,1.06
2014-12-08,1.03
2014-12-09,0.995
2014-12-10,0.965
2014-12-11,0.932
2014-12-12,0.9
2014-12-13,0.867
2014-12-14,0.834
2014-12-15,0.805
2014-12-16,0.792
2014-12-17,0.783
2014-12-18,0.774
2014-12-19,0.764
2014-12-20,0.754
2014-12-21,0.746
2014-12-22,0.736
2014-12-23,0.726
2014-12-24,0.717
2014-12-25,0.709
2014-12-26,0.71
2014-12-27,0.713
2014-12-28,0.716
2014-12-29,0.718
2014-12-30,0.721
2014-12-31,0.724
2015-01-01,0.723
2015-01-02,0.7
2015-01-03,0.673
2015-01-04,0.645
2015-01-05,0.617
2015-01-06,0.59
2015-01-07,0.562
2015-01-08,0.534
2015-01-09,0.506
2015-01-10,0.479
2015-01-11,0.453
2015-01-12,0.438
2015-01-13,0.423
2015-01-14,0.408
2015-01-15,0.394
2015-01-16,0.38
2015-01-17,0.365
2015-01-18,0.35
2015-01-19,0.336
2015-01-20,0.322
2015-01-21,0.31
2015-01-22,0.32
2015-01-23,0.333
2015-01-24,0.346
2015-01-25,0.358
2015-01-26,0.371
2015-01-27,0.384
2015-01-28,0.397
2015-01-29,0.41
2015-01-30,0.422
2015-01-31,0.435
2015-02-01,0.448
2015-02-02,0.457
2015-02-03,0.466
2015-02-04,0.474
2015-02-05,0.484
2015-02-06,0.492
2015-02-07,0.501
2015-02-08,0.51
2015-02-09,0.518
2015-02-10,0.528
2015-02-11,0.539
2015-02-12,0.567
2015-02-13,0.597
2015-02-14,0.628
2015-02-15,0.658
2015-02-16,0.689
2015-02-17,0.719
2015-02-18,0.749
2015-02-19,0.78
2015-02-20,0.81
2015-02-21,0.851
2015-02-22,0.945
2015-02-23,1.05
2015-02-24,1.15
2015-02-25,1.26
2015-02-26,1.36
2015-02-27,1.46
2015-02-28,1.56
2015-03-01,1.66
2015-03-02,1.74
2015-03-03,1.81
2015-03-04,1.89
2015-03-05,1.97
2015-03-06,2.04
2015-03-07,2.12
2015-03-08,2.2
2015-03-09,2.27
2015-03-10,2.35
2015-03-11,2.46
2015-03-12,2.68
2015-03-13,2.93
2015-03-14,3.18
2015-03-15,3.43
2015-03-16,3.68
2015-03-17,3.93
2015-03-18,4.18
2015-03-19,4.43
2015-03-20,4.67
2015-03-21,4.98
2015-03-22,5.73
2015-03-23,6.76
2015-03-24,7.49
2015-03-25,8.58
2015-03-26,9.79
2015-03-27,11.0
2015-03-28,12.2
2015-03-29,13.2
2015-03-30,12.7
2015-03-31,11.9
2015-04-01,11.9
2015-04-02,12.3
2015-04-03,11.2
2015-04-04,11.4
2015-04-05,12.3
2015-04-06,10.6
2015-04-07,6.74
2015-04-08,7.65
2015-04-09,8.82
2015-04-10,8.62
2015-04-11,8.73
2015-04-12,8.58
2015-04-13,8.59
2015-04-14,8.86
2015-04-15,9.02
2015-04-16,9.19
2015-04-17,8.79
2015-04-18,8.28
2015-04-19,8.11
2015-04-20,7.92
2015-04-21,7.92
2015-04-22,7.91
2015-04-23,7.64
2015-04-24,7.61
2015-04-25,7.61
2015-04-26,7.61
2015-04-27,7.61
2015-04-28,7.61
2015-04-29,7.48
2015-04-30,7.3
2015-05-01,7.3
2015-05-02,7.3
2015-05-03,7.3
2015-05-04,7.3
2015-05-05,7.3
2015-05-06,7.18
2015-05-07,7.12
2015-05-08,7.3
2015-05-09,7.3
2015-05-10,7.3
2015-05-11,7.45
2015-05-12,8.55
2015-05-13,9.3
2015-05-14,8.79
2015-05-15,8.29
2015-05-16,8.25
2015-05-17,7.37
2015-05-18,8.1
2015-05-19,9.34
2015-05-20,8.79
2015-05-21,8.14
2015-05-22,7.64
2015-05-23,7.34
2015-05-24,7.18
2015-05-25,7.0
2015-05-26,7.12
2015-05-27,7.32
2015-05-28,8.0
2015-05-29,8.69
2015-05-30,8.57
2015-05-31,8.28
2015-06-01,8.23
2015-06-02,8.43
2015-06-03,10.9
2015-06-04,11.0
2015-06-05,11.4
2015-06-06,11.9
2015-06-07,15.0
2015-06-08,12.5
2015-06-09,11.8
2015-06-10,11.7
2015-06-11,24.1
2015-06-12,44.9
2015-06-13,49.1
2015-06-14,38.5
2015-06-15,31.8
2015-06-16,26.3
2015-06-17,25.7
2015-06-18,70.7
2015-06-19,99.4
2015-06-20,80.3
2015-06-21,63.8
2015-06-22,55.0
2015-06-23,48.9
2015-06-24,53.6
2015-06-25,46.8
2015-06-26,42.5
2015-06-27,39.4
2015-06-28,38.2
2015-06-29,40.7
2015-06-30,37.7
2015-07-01,56.1
2015-07-02,62.9
2015-07-03,53.8
2015-07-04,46.7
2015-07-05,42.1
2015-07-06,38.7
2015-07-07,35.8
2015-07-08,33.8
2015-07-09,31.8
2015-07-10,30.2
2015-07-11,29.0
2015-07-12,28.9
2015-07-13,28.0
2015-07-14,26.9
2015-07-15,27.3
2015-07-16,31.2
2015-07-17,29.3
2015-07-18,27.6
2015-07-19,25.2
2015-07-20,26.5
2015-07-21,39.6
2015-07-22,42.0
2015-07-23,38.6
2015-07-24,35.6
2015-07-25,36.9
2015-07-26,33.2
2015-07-27,30.0
2015-07-28,27.2
2015-07-29,27.0
2015-07-30,27.8
2015-07-31,27.3
2015-08-01,26.1
2015-08-02,26.7
2015-08-03,26.6
2015-08-04,29.6
2015-08-05,27.6
2015-08-06,26.4
2015-08-07,28.0
2015-08-08,28.2
2015-08-09,28.5
2015-08-10,28.6
2015-08-11,27.9
2015-08-12,26.5
2015-08-13,24.8
2015-08-14,23.9
2015-08-15,24.1
2015-08-16,24.3
2015-08-17,24.2
2015-08-18,23.3
2015-08-19,21.9
2015-08-20,23.3
2015-08-21,26.8
2015-08-22,25.9
2015-08-23,24.5
2015-08-24,24.6
2015-08-25,26.3
2015-08-26,27.1
2015-08-27,24.9
2015-08-28,23.4
2015-08-29,24.0
2015-08-30,23.8
2015-08-31,24.8
2015-09-01,24.8
2015-09-02,24.1
2015-09-03,23.0
2015-09-04,21.8
2015-09-05,19.4
2015-09-06,18.7
2015-09-07,18.2
2015-09-08,18.9
2015-09-09,21.1
2015-09-10,19.2
2015-09-11,18.0
2015-09-12,17.0
2015-09-13,16.9
2015-09-14,16.6
2015-09-15,15.5
2015-09-16,14.7
2015-09-17,14.7
2015-09-18,19.5
2015-09-19,23.2
2015-09-20,23.5
2015-09-21,24.4
2015-09-22,28.7
2015-09-23,36.0
2015-09-24,34.5
2015-09-25,30.8
2015-09-26,27.8
2015-09-27,25.8
2015-09-28,24.2
2015-09-29,23.2
2015-09-30,22.5
2015-10-01,23.1
2015-10-02,23.2
2015-10-03,22.4
2015-10-04,21.3
2015-10-05,20.4
2015-10-06,20.3
2015-10-07,19.8
2015-10-08,19.2
2015-10-09,19.1
2015-10-10,19.4
2015-10-11,20.2
2015-10-12,19.8
2015-10-13,19.4
2015-10-14,19.1
2015-10-15,19.1
2015-10-16,18.7
2015-10-17,18.2
2015-10-18,17.6
2015-10-19,17.5
2015-10-20,17.5
2015-10-21,17.5
2015-10-22,17.5
2015-10-23,17.2
2015-10-24,16.6
2015-10-25,16.0
2015-10-26,15.2
2015-10-27,15.2
2015-10-28,14.9
2015-10-29,14.7
2015-10-30,14.2
2015-10-31,14.7
2015-11-01,15.4
2015-11-02,15.7
2015-11-03,15.7
2015-11-04,15.7
2015-11-05,14.8
2015-11-06,12.5
2015-11-07,11.6
2015-11-08,11.8
2015-11-09,12.0
2015-11-10,12.3
2015-11-11,12.7
2015-11-12,13.2
2015-11-13,13.9
2015-11-14,15.1
2015-11-15,15.5
2015-11-16,13.6
2015-11-17,10.8
2015-11-18,8.7
2015-11-19,7.66
2015-11-20,6.9
2015-11-21,6.32
2015-11-22,5.81
2015-11-23,5.38
2015-11-24,5.03
2015-11-25,4.68
2015-11-26,4.34
2015-11-27,4.01
2015-11-28,3.79
2015-11-29,3.57
2015-11-30,3.36
2015-12-01,3.15
2015-12-02,2.93
2015-12-03,2.72
2015-12-04,2.51
2015-12-05,2.29
2015-12-06,2.08
2015-12-07,1.89
2015-12-08,1.86
2015-12-09,1.84
2015-12-10,1.82
2015-12-11,1.81
2015-12-12,1.79
2015-12-13,1.78
2015-12-14,1.76
2015-12-15,1.74
2015-12-16,1.73
2015-12-17,1.7
2015-12-18,1.65
2015-12-19,1.59
2015-12-20,1.53
2015-12-21,1.48
2015-12-22,1.42
2015-12-23,1.36
2015-12-24,1.3
2015-12-25,1.24
2015-12-26,1.18
2015-12-27,1.13
2015-12-28,1.12
2015-12-29,1.12
2015-12-30,1.12
2015-12-31,1.12
2016-01-01,1.12
2016-01-02,1.13
2016-01-03,1.14
2016-01-04,1.15
2016-01-05,1.16
2016-01-06,1.17
2016-01-07,1.18
2016-01-08,1.19
2016-01-09,1.2
2016-01-10,1.21
2016-01-11,1.22
2016-01-12,1.18
2016-01-13,1.14
2016-01-14,1.11
2016-01-15,1.07
2016-01-16,1.04
2016-01-17,1.0
2016-01-18,0.964
2016-01-19,0.928
2016-01-20,0.892
2016-01-21,0.859
2016-01-22,0.845
2016-01-23,0.833
2016-01-24,0.821
2016-01-25,0.809
2016-01-26,0.797
2016-01-27,0.785
2016-01-28,0.773
2016-01-29,0.761
2016-01-30,0.75
2016-01-31,0.738
2016-02-01,0.732
2016-02-02,0.76
2016-02-03,0.794
2016-02-04,0.828
2016-02-05,0.86
2016-02-06,0.894
2016-02-07,0.928
2016-02-08,0.961
2016-02-09,0.994
2016-02-10,1.03
2016-02-11,1.07
2016-02-12,1.18
2016-02-13,1.3
2016-02-14,1.42
2016-02-15,1.53
2016-02-16,1.65
2016-02-17,1.77
2016-02-18,1.88
2016-02-19,2.0
2016-02-20,2.12
2016-02-21,2.22
2016-02-22,2.24
2016-02-23,2.24
2016-02-24,2.25
2016-02-25,2.26
2016-02-26,2.27
2016-02-27,2.28
2016-02-28,2.28
2016-02-29,2.29
2016-03-01,2.32
2016-03-02,2.47
2016-03-03,2.63
2016-03-04,2.8
2016-03-05,2.96
2016-03-06,3.12
2016-03-07,3.28
2016-03-08,3.45
2016-03-09,3.61
2016-03-10,3.77
2016-03-11,3.96
2016-03-12,4.3
2016-03-13,4.66
2016-03-14,5.02
2016-03-15,5.39
2016-03-16,5.75
2016-03-17,6.11
2016-03-18,6.47
2016-03-19,6.84
2016-03-20,7.2
2016-03-21,7.64
2016-03-22,8.57
2016-03-23,9.66
2016-03-24,11.1
2016-03-25,13.3
2016-03-26,18.5
2016-03-27,22.6
2016-03-28,21.1
2016-03-29,18.7
2016-03-30,17.1
2016-03-31,16.1
2016-04-01,15.4
2016-04-02,14.7
2016-04-03,14.1
2016-04-04,13.5
2016-04-05,12.5
2016-04-06,10.9
2016-04-07,9.33
2016-04-08,8.76
2016-04-09,9.26
2016-04-10,9.99
2016-04-11,10.7
2016-04-12,11.0
2016-04-13,11.0
2016-04-14,11.0
2016-04-15,11.0
2016-04-16,11.0
2016-04-17,10.8
2016-04-18,10.5
2016-04-19,10.5
2016-04-20,10.7
2016-04-21,10.5
2016-04-22,10.0
2016-04-23,9.64
2016-04-24,9.58
2016-04-25,9.21
2016-04-26,9.06
2016-04-27,8.74
2016-04-28,8.74
2016-04-29,8.74
2016-04-30,8.74
2016-05-01,8.74
2016-05-02,8.74
2016-05-03,8.74
2016-05-04,8.94
2016-05-05,9.93
2016-05-06,10.9
2016-05-07,11.0
2016-05-08,10.6
2016-05-09,10.5
2016-05-10,10.5
2016-05-11,10.6
2016-05-12,13.7
2016-05-13,12.2
2016-05-14,11.5
2016-05-15,10.6
2016-05-16,9.62
2016-05-17,9.21
2016-05-18,8.97
2016-05-19,8.38
2016-05-20,8.33
2016-05-21,8.01
2016-05-22,8.3
2016-05-23,8.54
2016-05-24,10.1
2016-05-25,11.4
2016-05-26,11.3
2016-05-27,10.5
2016-05-28,10.0
2016-05-29,9.62
2016-05-30,9.21
2016-05-31,9.16
2016-06-01,8.98
2016-06-02,8.74
2016-06-03,8.74
2016-06-04,8.74
2016-06-05,8.94
2016-06-06,10.3
2016-06-07,11.0
2016-06-08,11.4
2016-06-09,12.8
2016-06-10,16.2
2016-06-11,16.5
2016-06-12,14.6
2016-06-13,14.6
2016-06-14,14.6
2016-06-15,13.5
2016-06-16,14.7
2016-06-17,16.4
2016-06-18,17.6
2016-06-19,16.1
2016-06-20,12.8
2016-06-21,15.0
2016-06-22,14.7
2016-06-23,41.9
2016-06-24,31.2
2016-06-25,22.7
2016-06-26,18.8
2016-06-27,16.6
2016-06-28,15.8
2016-06-29,19.6
2016-06-30,18.2
2016-07-01,17.2
2016-07-02,15.8
2016-07-03,13.8
2016-07-04,12.5
2016-07-05,11.3
2016-07-06,10.2
2016-07-07,12.9
2016-07-08,13.4
2016-07-09,10.3
2016-07-10,9.26
2016-07-11,8.06
2016-07-12,8.14
2016-07-13,7.67
2016-07-14,7.25
2016-07-15,6.85
2016-07-16,6.34
2016-07-17,6.03
2016-07-18,5.73
2016-07-19,5.45
2016-07-20,5.19
2016-07-21,5.04
2016-07-22,5.14
2016-07-23,10.2
2016-07-24,10.4
2016-07-25,8.66
2016-07-26,7.83
2016-07-27,7.02
2016-07-28,6.53
2016-07-29,6.17
2016-07-30,5.62
2016-07-31,5.19
2016-08-01,5.09
2016-08-02,5.88
2016-08-03,5.64
2016-08-04,4.85
2016-08-05,4.53
2016-08-06,5.32
2016-08-07,5.08
2016-08-08,4.72
2016-08-09,4.7
2016-08-10,4.6
2016-08-11,4.29
2016-08-12,4.09
2016-08-13,3.92
2016-08-14,3.75
2016-08-15,3.62
2016-08-16,3.6
2016-08-17,3.6
2016-08-18,3.79
2016-08-19,3.9
2016-08-20,7.07
2016-08-21,6.84
2016-08-22,4.97
2016-08-23,4.72
2016-08-24,4.69
2016-08-25,4.5
2016-08-26,4.39
2016-08-27,4.27
2016-08-28,4.19
2016-08-29,4.08
2016-08-30,4.08
2016-08-31,4.35
2016-09-01,5.09
2016-09-02,5.7
2016-09-03,8.47
2016-09-04,6.83
2016-09-05,7.87
2016-09-06,9.18
2016-09-07,8.36
2016-09-08,7.5
2016-09-09,7.93
2016-09-10,10.3
2016-09-11,9.87
2016-09-12,9.2
2016-09-13,8.79
2016-09-14,9.46
2016-09-15,10.0
2016-09-16,9.62
2016-09-17,9.2
2016-09-18,8.62
2016-09-19,7.99
2016-09-20,7.63
2016-09-21,7.3
2016-09-22,7.14
2016-09-23,6.95
2016-09-24,6.81
2016-09-25,7.23
2016-09-26,7.62
2016-09-27,10.2
2016-09-28,10.5
2016-09-29,10.5
2016-09-30,10.0
2016-10-01,9.44
2016-10-02,8.79
2016-10-03,8.73
2016-10-04,8.38
2016-10-05,8.34
2016-10-06,8.33
2016-10-07,8.05
2016-10-08,9.41
2016-10-09,9.58
2016-10-10,9.21
2016-10-11,9.16
2016-10-12,9.15
2016-10-13,8.79
2016-10-14,8.74
2016-10-15,8.74
2016-10-16,8.74
2016-10-17,8.73
2016-10-18,8.38
2016-10-19,8.34
2016-10-20,8.18
2016-10-21,8.13
2016-10-22,8.68
2016-10-23,8.38
2016-10-24,8.18
2016-10-25,7.96
2016-10-26,7.92
2016-10-27,6.49
2016-10-28,5.4
2016-10-29,4.75
2016-10-30,4.29
2016-10-31,4.05
2016-11-01,4.36
2016-11-02,5.25
2016-11-03,5.88
2016-11-04,5.59
2016-11-05,5.22
2016-11-06,4.88
2016-11-07,4.52
2016-11-08,4.18
2016-11-09,3.85
2016-11-10,3.61
2016-11-11,3.38
2016-11-12,3.17
2016-11-13,3.0
2016-11-14,2.91
2016-11-15,2.84
2016-11-16,2.76
2016-11-17,2.69
2016-11-18,2.61
2016-11-19,2.54
2016-11-20,2.46
2016-11-21,2.38
2016-11-22,2.31
2016-11-23,2.22
2016-11-24,2.11
2016-11-25,1.99
2016-11-26,1.88
2016-11-27,1.76
2016-11-28,1.64
2016-11-29,1.52
2016-11-30,1.41
2016-12-01,1.29
2016-12-02,1.17
2016-12-03,1.06
2016-12-04,1.01
2016-12-05,0.979
2016-12-06,0.943
2016-12-07,0.908
2016-12-08,0.872
2016-12-09,0.836
2016-12-10,0.8
2016-12-11,0.765
2016-12-12,0.729
2016-12-13,0.711
2016-12-14,0.79
2016-12-15,0.885
2016-12-16,0.98
2016-12-17,1.08
2016-12-18,1.17
2016-12-19,1.26
2016-12-20,1.36
2016-12-21,1.45
2016-12-22,1.54
2016-12-23,1.62
2016-12-24,1.6
2016-12-25,1.56
2016-12-26,1.53
2016-12-27,1.49
2016-12-28,1.46
2016-12-29,1.42
2016-12-30,1.38
2016-12-31,1.34
2017-01-01,1.31
2017-01-02,1.3
2017-01-03,1.28
2017-01-04,1.27
2017-01-05,1.26
2017-01-06,1.24
2017-01-07,1.23
2017-01-08,1.21
2017-01-09,1.2
2017-01-10,1.19
2017-01-11,1.16
2017-01-12,1.11
2017-01-13,1.06
2017-01-14,1.0
2017-01-15,0.941
2017-01-16,0.884
2017-01-17,0.826
2017-01-18,0.77
2017-01-19,0.712
2017-01-20,0.655
2017-01-21,0.604
2017-01-22,0.588
2017-01-23,0.577
2017-01-24,0.567
2017-01-25,0.556
2017-01-26,0.546
2017-01-27,0.535
2017-01-28,0.525
2017-01-29,0.514
2017-01-30,0.504
2017-01-31,0.493
2017-02-01,0.488
2017-02-02,0.513
2017-02-03,0.543
2017-02-04,0.572
2017-02-05,0.601
2017-02-06,0.631
2017-02-07,0.66
2017-02-08,0.69
2017-02-09,0.719
2017-02-10,0.748
2017-02-11,0.78
2017-02-12,0.825
2017-02-13,0.873
2017-02-14,0.92
2017-02-15,0.968
2017-02-16,1.02
2017-02-17,1.06
2017-02-18,1.11
2017-02-19,1.16
2017-02-20,1.21
2017-02-21,1.25
2017-02-22,1.31
2017-02-23,1.37
2017-02-24,1.43
2017-02-25,1.49
2017-02-26,1.55
2017-02-27,1.61
2017-02-28,1.67
2017-03-01,1.74
2017-03-02,1.82
2017-03-03,1.92
2017-03-04,2.02
2017-03-05,2.1
2017-03-06,2.2
2017-03-07,2.3
2017-03-08,2.38
2017-03-09,2.48
2017-03-10,2.58
2017-03-11,2.69
2017-03-12,2.91
2017-03-13,3.14
2017-03-14,3.38
2017-03-15,3.62
2017-03-16,3.86
2017-03-17,4.09
2017-03-18,4.33
2017-03-19,4.57
2017-03-20,4.8
2017-03-21,5.06
2017-03-22,5.46
2017-03-23,5.87
2017-03-24,6.29
2017-03-25,6.7
2017-03-26,7.12
2017-03-27,7.52
2017-03-28,7.75
2017-03-29,7.76
2017-03-30,7.74
2017-03-31,7.8
2017-04-01,8.48
2017-04-02,9.4
2017-04-03,10.3
2017-04-04,11.2
2017-04-05,12.1
2017-04-06,12.5
2017-04-07,11.4
2017-04-08,9.82
2017-04-09,8.92
2017-04-10,8.48
2017-04-11,7.96
2017-04-12,7.36
2017-04-13,6.93
2017-04-14,7.02
2017-04-15,7.17
2017-04-16,6.93
2017-04-17,6.89
2017-04-18,6.63
2017-04-19,6.6
2017-04-20,6.6
2017-04-21,6.6
2017-04-22,6.47
2017-04-23,6.27
2017-04-24,6.14
2017-04-25,6.27
2017-04-26,6.01
2017-04-27,5.98
2017-04-28,5.98
2017-04-29,5.98
2017-04-30,5.98
2017-05-01,5.88
2017-05-02,5.68
2017-05-03,5.68
2017-05-04,5.69
2017-05-05,5.95
2017-05-06,5.99
2017-05-07,6.25
2017-05-08,6.16
2017-05-09,5.97
2017-05-10,5.71
2017-05-11,5.68
2017-05-12,5.68
2017-05-13,5.68
2017-05-14,5.68
2017-05-15,5.68
2017-05-16,5.68
2017-05-17,5.68
2017-05-18,5.67
2017-05-19,5.4
2017-05-20,5.37
2017-05-21,5.78
2017-05-22,6.74
2017-05-23,7.97
2017-05-24,8.1
2017-05-25,7.93
2017-05-26,7.73
2017-05-27,7.48
2017-05-28,7.34
2017-05-29,7.06
2017-05-30,6.63
2017-05-31,6.6
2017-06-01,6.6
2017-06-02,6.6
2017-06-03,6.47
2017-06-04,6.16
2017-06-05,5.97
2017-06-06,5.72
2017-06-07,5.95
2017-06-08,5.97
2017-06-09,5.71
2017-06-10,5.67
2017-06-11,5.4
2017-06-12,5.35
2017-06-13,5.2
2017-06-14,4.84
2017-06-15,4.77
2017-06-16,4.77
2017-06-17,4.77
2017-06-18,4.65
2017-06-19,4.49
2017-06-20,4.79
2017-06-21,6.95
2017-06-22,6.37
2017-06-23,5.57
2017-06-24,5.08
2017-06-25,4.68
2017-06-26,4.23
2017-06-27,4.21
2017-06-28,4.58
2017-06-29,4.79
2017-06-30,4.6
2017-07-01,4.57
2017-07-02,33.8
2017-07-03,12.6
2017-07-04,6.7
2017-07-05,6.32
2017-07-06,5.91
2017-07-07,7.35
2017-07-08,9.73
2017-07-09,7.85
2017-07-10,7.45
2017-07-11,7.1
2017-07-12,6.33
2017-07-13,5.56
2017-07-14,4.6
2017-07-15,4.19
2017-07-16,3.81
2017-07-17,3.36
2017-07-18,3.21
2017-07-19,3.04
2017-07-20,3.16
2017-07-21,3.34
2017-07-22,3.47
2017-07-23,3.33
2017-07-24,3.32
2017-07-25,3.19
2017-07-26,3.81
2017-07-27,9.72
2017-07-28,4.74
2017-07-29,3.98
2017-07-30,7.74
2017-07-31,8.22
2017-08-01,5.58
2017-08-02,7.41
2017-08-03,18.2
2017-08-04,6.84
2017-08-05,8.47
2017-08-06,15.9
2017-08-07,9.12
2017-08-08,9.5
2017-08-09,8.73
2017-08-10,11.1
2017-08-11,9.98
2017-08-12,32.2
2017-08-13,12.9
2017-08-14,16.2
2017-08-15,33.4
2017-08-16,22.6
2017-08-17,20.3
2017-08-18,15.9
2017-08-19,13.9
2017-08-20,12.5
2017-08-21,11.7
2017-08-22,10.8
2017-08-23,9.99
2017-08-24,9.78
2017-08-25,9.21
2017-08-26,8.72
2017-08-27,8.41
2017-08-28,7.96
2017-08-29,7.47
2017-08-30,7.2
2017-08-31,6.92
2017-09-01,6.63
2017-09-02,6.59
2017-09-03,6.74
2017-09-04,7.18
2017-09-05,7.18
2017-09-06,7.06
2017-09-07,6.77
2017-09-08,6.32
2017-09-09,6.27
2017-09-10,6.01
2017-09-11,5.98
2017-09-12,5.86
2017-09-13,5.68
2017-09-14,5.68
2017-09-15,5.8
2017-09-16,5.98
2017-09-17,5.98
2017-09-18,5.98
2017-09-19,5.86
2017-09-20,5.68
2017-09-21,5.68
2017-09-22,5.67
2017-09-23,5.4
2017-09-24,5.36
2017-09-25,5.36
2017-09-26,5.35
2017-09-27,5.09
2017-09-28,5.18
2017-09-29,5.36
2017-09-30,5.36
2017-10-01,5.36
2017-10-02,5.36
2017-10-03,5.36
2017-10-04,5.36
2017-10-05,5.36
2017-10-06,5.36
2017-10-07,5.36
2017-10-08,5.36
2017-10-09,5.36
2017-10-10,5.36
2017-10-11,5.36
2017-10-12,5.36
2017-10-13,5.36
2017-10-14,5.36
2017-10-15,5.36
2017-10-16,5.36
2017-10-17,5.36
2017-10-18,5.36
2017-10-19,5.36
2017-10-20,5.36
2017-10-21,5.36
2017-10-22,5.36
2017-10-23,5.49
2017-10-24,5.68
2017-10-25,5.55
2017-10-26,5.49
2017-10-27,5.68
2017-10-28,5.55
2017-10-29,5.36
2017-10-30,5.36
2017-10-31,5.37
2017-11-01,5.64
2017-11-02,5.4
2017-11-03,5.52
2017-11-04,5.64
2017-11-05,5.68
2017-11-06,5.69
2017-11-07,5.95
2017-11-08,5.83
2017-11-09,4.74
2017-11-10,3.81
2017-11-11,3.15
2017-11-12,2.67
2017-11-13,2.32
2017-11-14,2.07
2017-11-15,1.99
2017-11-16,1.92
2017-11-17,1.86
2017-11-18,1.79
2017-11-19,1.73
2017-11-20,1.66
2017-11-21,1.6
2017-11-22,1.54
2017-11-23,1.47
2017-11-24,1.41
2017-11-25,1.4
2017-11-26,1.39
2017-11-27,1.38
2017-11-28,1.38
2017-11-29,1.37
2017-11-30,1.36
2017-12-01,1.35
2017-12-02,1.34
2017-12-03,1.33
2017-12-04,1.31
2017-12-05,1.22
2017-12-06,1.12
2017-12-07,1.03
2017-12-08,0.938
2017-12-09,0.843
2017-12-10,0.748
2017-12-11,0.653
2017-12-12,0.558
2017-12-13,0.463
2017-12-14,0.386
2017-12-15,0.406
2017-12-16,0.442
2017-12-17,0.478
2017-12-18,0.513
2017-12-19,0.549
2017-12-20,0.584
2017-12-21,0.62
2017-12-22,0.656
2017-12-23,0.691
2017-12-24,0.714
2017-12-25,0.667
2017-12-26,0.609
2017-12-27,0.551
2017-12-28,0.493
2017-12-29,0.435
2017-12-30,0.377
2017-12-31,0.319
2018-01-01,0.269
2018-01-02,0.264
2018-01-03,0.264
2018-01-04,0.265
2018-01-05,0.266
2018-01-06,0.267
2018-01-07,0.268
2018-01-08,0.268
2018-01-09,0.269
2018-01-10,0.27
2018-01-11,0.272
2018-01-12,0.277
2018-01-13,0.284
2018-01-14,0.29
2018-01-15,0.296
2018-01-16,0.303
2018-01-17,0.309
2018-01-18,0.315
2018-01-19,0.321
2018-01-20,0.328
2018-01-21,0.331
2018-01-22,0.315
2018-01-23,0.297
2018-01-24,0.278
2018-01-25,0.259
2018-01-26,0.24
2018-01-27,0.221
2018-01-28,0.202
2018-01-29,0.184
2018-01-30,0.165
2018-01-31,0.146
2018-02-01,0.129
2018-02-02,0.129
2018-02-03,0.13
2018-02-04,0.132
2018-02-05,0.134
2018-02-06,0.136
2018-02-07,0.138
2018-02-08,0.14
2018-02-09,0.142
2018-02-10,0.144
2018-02-11,0.146
2018-02-12,0.147
2018-02-13,0.149
2018-02-14,0.151
2018-02-15,0.153
2018-02-16,0.154
2018-02-17,0.156
2018-02-18,0.158
2018-02-19,0.159
2018-02-20,0.161
2018-02-21,0.163
2018-02-22,0.168
2018-02-23,0.172
2018-02-24,0.177
2018-02-25,0.181
2018-02-26,0.185
2018-02-27,0.19
2018-02-28,0.194
2018-03-01,0.198
2018-03-02,0.204
2018-03-03,0.21
2018-03-04,0.217
2018-03-05,0.223
2018-03-06,0.229
2018-03-07,0.235
2018-03-08,0.241
2018-03-09,0.247
2018-03-10,0.253
2018-03-11,0.265
2018-03-12,0.342
2018-03-13,0.544
2018-03-14,0.807
2018-03-15,1.14
2018-03-16,1.54
2018-03-17,1.98
2018-03-18,2.5
2018-03-19,3.11
2018-03-20,3.81
2018-03-21,4.79
2018-03-22,6.34
2018-03-23,8.19
2018-03-24,9.72
2018-03-25,10.3
2018-03-26,10.5
2018-03-27,10.6
2018-03-28,9.73
2018-03-29,8.64
2018-03-30,7.87
2018-03-31,8.2
2018-04-01,8.72
2018-04-02,9.05
2018-04-03,8.2
2018-04-04,7.01
2018-04-05,5.88
2018-04-06,5.07
2018-04-07,5.43
2018-04-08,6.02
2018-04-09,6.6
2018-04-10,7.76
2018-04-11,6.81
2018-04-12,6.24
2018-04-13,6.68
2018-04-14,6.7
2018-04-15,6.4
2018-04-16,6.6
2018-04-17,6.82
2018-04-18,6.52
2018-04-19,6.32
2018-04-20,7.31
2018-04-21,10.5
2018-04-22,8.75
2018-04-23,7.5
2018-04-24,6.54
2018-04-25,5.74
2018-04-26,5.4
2018-04-27,5.1
2018-04-28,5.05
2018-04-29,4.81
2018-04-30,4.78
2018-05-01,4.66
2018-05-02,4.52
2018-05-03,4.52
2018-05-04,4.52
2018-05-05,4.42
2018-05-06,4.29
2018-05-07,4.29
2018-05-08,4.29
2018-05-09,4.29
2018-05-10,4.2
2018-05-11,4.27
2018-05-12,4.63
2018-05-13,6.13
2018-05-14,6.86
2018-05-15,6.82
2018-05-16,8.1
2018-05-17,7.05
2018-05-18,4.8
2018-05-19,5.55
2018-05-20,7.16
2018-05-21,7.21
2018-05-22,6.4
2018-05-23,6.46
2018-05-24,6.66
2018-05-25,6.52
2018-05-26,6.32
2018-05-27,6.32
2018-05-28,6.34
2018-05-29,7.08
2018-05-30,7.04
2018-05-31,6.81
2018-06-01,4.78
2018-06-02,4.29
2018-06-03,4.19
2018-06-04,4.05
2018-06-05,4.05
2018-06-06,3.96
2018-06-07,3.92
2018-06-08,3.96
2018-06-09,3.94
2018-06-10,4.44
2018-06-11,6.57
2018-06-12,7.92
2018-06-13,6.53
2018-06-14,6.47
2018-06-15,7.89
2018-06-16,8.09
2018-06-17,7.25
2018-06-18,8.06
2018-06-19,8.38
2018-06-20,6.63
2018-06-21,5.86
2018-06-22,5.4
2018-06-23,5.09
2018-06-24,4.74
2018-06-25,5.28
2018-06-26,6.04
2018-06-27,6.57
2018-06-28,6.62
2018-06-29,6.51
2018-06-30,5.77
2018-07-01,5.36
2018-07-02,4.97
2018-07-03,4.48
2018-07-04,11.7
2018-07-05,16.1
2018-07-06,11.6
2018-07-07,10.6
2018-07-08,9.14
2018-07-09,9.05
2018-07-10,8.7
2018-07-11,7.47
2018-07-12,7.24
2018-07-13,7.18
2018-07-14,6.7
2018-07-15,6.24
2018-07-16,18.4
2018-07-17,32.3
2018-07-18,28.8
2018-07-19,20.9
2018-07-20,20.4
2018-07-21,27.8
2018-07-22,27.3
2018-07-23,18.4
2018-07-24,23.5
2018-07-25,79.8
2018-07-26,45.4
2018-07-27,35.6
2018-07-28,29.0
2018-07-29,24.4
2018-07-30,20.9
2018-07-31,18.8
2018-08-01,17.0
2018-08-02,15.4
2018-08-03,14.5
2018-08-04,43.4
2018-08-05,33.4
2018-08-06,23.0
2018-08-07,19.6
2018-08-08,17.9
2018-08-09,16.1
2018-08-10,14.9
2018-08-11,14.8
2018-08-12,14.8
2018-08-13,16.6
2018-08-14,17.4
2018-08-15,16.8
2018-08-16,15.9
2018-08-17,15.5
2018-08-18,15.0
2018-08-19,14.2
2018-08-20,13.0
2018-08-21,13.6
2018-08-22,17.0
2018-08-23,13.1
2018-08-24,12.0
2018-08-25,12.1
2018-08-26,12.5
2018-08-27,11.8
2018-08-28,10.8
2018-08-29,11.3
2018-08-30,12.4
2018-08-31,12.7
2018-09-01,11.7
2018-09-02,14.2
2018-09-03,19.1
2018-09-04,16.6
2018-09-05,15.3
2018-09-06,14.4
2018-09-07,13.6
2018-09-08,13.2
2018-09-09,12.5
2018-09-10,12.0
2018-09-11,12.0
2018-09-12,11.8
2018-09-13,11.5
2018-09-14,11.6
2018-09-15,11.4
2018-09-16,11.2
2018-09-17,10.7
2018-09-18,10.4
2018-09-19,9.94
2018-09-20,9.93
2018-09-21,9.6
2018-09-22,9.56
2018-09-23,9.56
2018-09-24,9.56
2018-09-25,9.4
2018-09-26,9.17
2018-09-27,9.17
2018-09-28,9.33
2018-09-29,10.2
2018-09-30,12.0
2018-10-01,12.3
2018-10-02,11.4
2018-10-03,10.9
2018-10-04,10.7
2018-10-05,10.4
2018-10-06,10.3
2018-10-07,10.3
2018-10-08,9.98
2018-10-09,9.94
2018-10-10,9.94
2018-10-11,9.78
2018-10-12,9.56
2018-10-13,9.55
2018-10-14,9.21
2018-10-15,9.17
2018-10-16,9.17
2018-10-17,9.16
2018-10-18,8.83
2018-10-19,8.79
2018-10-20,8.79
2018-10-21,8.79
2018-10-22,8.79
2018-10-23,8.79
2018-10-24,8.78
2018-10-25,8.48
2018-10-26,8.74
2018-10-27,8.47
2018-10-28,8.43
2018-10-29,8.43
2018-10-30,8.43
2018-10-31,8.29
2018-11-01,8.09
2018-11-02,8.09
2018-11-03,8.09
2018-11-04,8.09
2018-11-05,8.08
2018-11-06,7.78
2018-11-07,7.11
2018-11-08,6.67
2018-11-09,6.96
2018-11-10,6.2
2018-11-11,5.72
2018-11-12,5.78
2018-11-13,5.82
2018-11-14,5.56
2018-11-15,4.92
2018-11-16,4.27
2018-11-17,3.61
2018-11-18,3.07
2018-11-19,2.61
2018-11-20,2.26
2018-11-21,2.03
2018-11-22,1.89
2018-11-23,1.84
2018-11-24,1.8
2018-11-25,1.76
2018-11-26,1.73
2018-11-27,1.69
2018-11-28,1.65
2018-11-29,1.61
2018-11-30,1.57
2018-12-01,1.53
2018-12-02,1.43
2018-12-03,1.33
2018-12-04,1.23
2018-12-05,1.13
2018-12-06,1.03
2018-12-07,0.93
2018-12-08,0.829
2018-12-09,0.728
2018-12-10,0.628
2018-12-11,0.545
2018-12-12,0.555
2018-12-13,0.577
2018-12-14,0.6
2018-12-15,0.622
2018-12-16,0.645
2018-12-17,0.667
2018-12-18,0.69
2018-12-19,0.712
2018-12-20,0.735
2018-12-21,0.751
2018-12-22,0.73
2018-12-23,0.702
2018-12-24,0.676
2018-12-25,0.648
2018-12-26,0.622
2018-12-27,0.594
2018-12-28,0.567
2018-12-29,0.54
2018-12-30,0.512
2018-12-31,0.486
2019-01-01,0.461
2019-01-02,0.455
2019-01-03,0.452
2019-01-04,0.448
2019-01-05,0.444
2019-01-06,0.441
2019-01-07,0.438
2019-01-08,0.434
2019-01-09,0.43
2019-01-10,0.427
2019-01-11,0.428
2019-01-12,0.452
2019-01-13,0.478
2019-01-14,0.506
2019-01-15,0.532
2019-01-16,0.559
2019-01-17,0.586
2019-01-18,0.612
2019-01-19,0.64
2019-01-20,0.666
2019-01-21,0.692
2019-01-22,0.714
2019-01-23,0.734
2019-01-24,0.754
2019-01-25,0.775
2019-01-26,0.796
2019-01-27,0.816
2019-01-28,0.837
2019-01-29,0.858
2019-01-30,0.878
2019-01-31,0.898
2019-02-01,0.915
2019-02-02,0.907
2019-02-03,0.896
2019-02-04,0.885
2019-02-05,0.874
2019-02-06,0.863
2019-02-07,0.851
2019-02-08,0.84
2019-02-09,0.829
2019-02-10,0.818
2019-02-11,0.811
2019-02-12,0.83
2019-02-13,0.852
2019-02-14,0.875
2019-02-15,0.897
2019-02-16,0.919
2019-02-17,0.942
2019-02-18,0.964
2019-02-19,0.985
2019-02-20,1.01
2019-02-21,1.06
2019-02-22,1.27
2019-02-23,1.5
2019-02-24,1.73
2019-02-25,1.96
2019-02-26,2.19
2019-02-27,2.42
2019-02-28,2.65
2019-03-01,2.88
2019-03-02,3.07
2019-03-03,3.12
2019-03-04,3.14
2019-03-05,3.18
2019-03-06,3.2
2019-03-07,3.22
2019-03-08,3.26
2019-03-09,3.28
2019-03-10,3.3
2019-03-11,3.34
2019-03-12,3.38
2019-03-13,3.54
2019-03-14,3.7
2019-03-15,3.87
2019-03-16,4.03
2019-03-17,4.2
2019-03-18,4.37
2019-03-19,4.53
2019-03-20,4.7
2019-03-21,4.85
2019-03-22,4.99
2019-03-23,5.13
2019-03-24,5.26
2019-03-25,5.4
2019-03-26,5.53
2019-03-27,5.67
2019-03-28,5.88
2019-03-29,6.13
2019-03-30,6.33
2019-03-31,6.09
2019-04-01,5.7
2019-04-02,5.5
2019-04-03,6.28
2019-04-04,6.49
2019-04-05,6.75
2019-04-06,7.03
2019-04-07,6.55
2019-04-08,6.49
2019-04-09,6.75
2019-04-10,7.28
2019-04-11,7.14
2019-04-12,6.8
2019-04-13,6.76
2019-04-14,6.51
2019-04-15,6.48
2019-04-16,6.48
2019-04-17,6.48
2019-04-18,6.36
2019-04-19,6.19
2019-04-20,6.19
2019-04-21,6.19
2019-04-22,6.19
2019-04-23,6.19
2019-04-24,6.19
2019-04-25,6.19
2019-04-26,6.19
2019-04-27,6.19
2019-04-28,6.19
2019-04-29,6.19
2019-04-30,6.06
2019-05-01,5.43
2019-05-02,5.24
2019-05-03,5.12
2019-05-04,5.12
2019-05-05,5.13
2019-05-06,5.81
2019-05-07,7.12
2019-05-08,7.83
2019-05-09,8.16
2019-05-10,8.32
2019-05-11,8.2
2019-05-12,7.34
2019-05-13,7.61
2019-05-14,7.99
2019-05-15,9.24
2019-05-16,9.35
2019-05-17,9.07
2019-05-18,8.67
2019-05-19,8.6
2019-05-20,25.0
2019-05-21,19.1
2019-05-22,15.9
2019-05-23,14.2
2019-05-24,9.52
2019-05-25,8.25
2019-05-26,8.02
2019-05-27,7.75
2019-05-28,7.37
2019-05-29,7.1
2019-05-30,6.8
2019-05-31,6.77
2019-06-01,6.77
2019-06-02,6.65
2019-06-03,6.48
2019-06-04,6.55
2019-06-05,8.73
2019-06-06,8.21
2019-06-07,9.64
2019-06-08,15.7
2019-06-09,15.8
2019-06-10,13.6
2019-06-11,11.4
2019-06-12,10.9
2019-06-13,11.7
2019-06-14,9.58
2019-06-15,9.03
2019-06-16,8.29
2019-06-17,7.88
2019-06-18,7.56
2019-06-19,7.25
2019-06-20,6.8
2019-06-21,6.51
2019-06-22,6.36
2019-06-23,6.09
2019-06-24,5.79
2019-06-25,5.76
2019-06-26,6.71
2019-06-27,11.4
2019-06-28,9.62
2019-06-29,11.3
2019-06-30,10.8
2019-07-01,9.95
2019-07-02,9.39
2019-07-03,9.05
2019-07-04,8.95
2019-07-05,7.85
2019-07-06,9.33
2019-07-07,11.3
2019-07-08,10.0
2019-07-09,8.84
2019-07-10,7.91
2019-07-11,7.27
2019-07-12,7.47
2019-07-13,8.56
2019-07-14,8.27
2019-07-15,7.82
2019-07-16,9.12
2019-07-17,12.9
2019-07-18,10.3
2019-07-19,8.33
2019-07-20,7.91
2019-07-21,8.3
2019-07-22,7.28
2019-07-23,6.8
2019-07-24,6.88
2019-07-25,6.54
2019-07-26,6.1
2019-07-27,5.98
2019-07-28,6.85
2019-07-29,7.62
2019-07-30,6.94
2019-07-31,6.38
2019-08-01,5.82
2019-08-02,5.39
2019-08-03,5.05
2019-08-04,4.79
2019-08-05,4.68
2019-08-06,5.05
2019-08-07,8.5
2019-08-08,6.53
2019-08-09,6.77
2019-08-10,6.77
2019-08-11,6.77
2019-08-12,6.77
2019-08-13,6.65
2019-08-14,6.21
2019-08-15,5.79
2019-08-16,5.64
2019-08-17,6.03
2019-08-18,7.26
2019-08-19,7.51
2019-08-20,7.38
2019-08-21,8.14
2019-08-22,8.02
2019-08-23,8.05
2019-08-24,8.75
2019-08-25,8.49
2019-08-26,10.5
2019-08-27,10.8
2019-08-28,10.6
2019-08-29,11.8
2019-08-30,11.7
2019-08-31,11.2
2019-09-01,10.7
2019-09-02,10.2
2019-09-03,9.73
2019-09-04,9.69
2019-09-05,9.38
2019-09-06,9.04
2019-09-07,8.71
2019-09-08,8.66
2019-09-09,8.39
2019-09-10,8.06
2019-09-11,8.02
2019-09-12,8.01
2019-09-13,7.71
2019-09-14,7.41
2019-09-15,7.38
2019-09-16,7.38
2019-09-17,7.38
2019-09-18,7.38
2019-09-19,7.37
2019-09-20,7.11
2019-09-21,7.08
2019-09-22,7.08
2019-09-23,7.08
2019-09-24,7.07
2019-09-25,6.8
2019-09-26,6.76
2019-09-27,6.51
2019-09-28,6.48
2019-09-29,6.48
2019-09-30,6.48
2019-10-01,6.48
2019-10-02,6.5
2019-10-03,7.26
2019-10-04,7.82
2019-10-05,8.02
2019-10-06,8.02
2019-10-07,8.02
2019-10-08,8.02
2019-10-09,8.01
2019-10-10,7.71
2019-10-11,7.41
2019-10-12,7.38
2019-10-13,7.38
2019-10-14,7.38
2019-10-15,7.38
2019-10-16,7.38
2019-10-17,7.38
2019-10-18,7.38
2019-10-19,7.38
2019-10-20,7.38
2019-10-21,7.38
2019-10-22,7.37
2019-10-23,7.11
2019-10-24,7.09
2019-10-25,7.35
2019-10-26,7.38
2019-10-27,7.38
2019-10-28,7.38
2019-10-29,7.47
2019-10-30,7.52
2019-10-31,7.38
2019-11-01,7.38
2019-11-02,7.22
2019-11-03,7.08
2019-11-04,7.08
2019-11-05,7.06
2019-11-06,6.83
2019-11-07,5.11
2019-11-08,6.26
2019-11-09,6.59
2019-11-10,6.6
2019-11-11,6.26
2019-11-12,5.2
2019-11-13,3.97
2019-11-14,2.97
2019-11-15,2.23
2019-11-16,2.28
2019-11-17,2.36
2019-11-18,2.43
2019-11-19,2.51
2019-11-20,2.58
2019-11-21,2.6
2019-11-22,2.29
2019-11-23,1.93
2019-11-24,1.57
2019-11-25,1.22
2019-11-26,0.903
2019-11-27,0.816
2019-11-28,0.766
2019-11-29,0.714
2019-11-30,0.662
2019-12-01,0.612
2019-12-02,0.56
2019-12-03,0.508
2019-12-04,0.458
2019-12-05,0.406
2019-12-06,0.364
2019-12-07,0.369
2019-12-08,0.381
2019-12-09,0.393
2019-12-10,0.405
2019-12-11,0.417
2019-12-12,0.428
2019-12-13,0.44
2019-12-14,0.452
2019-12-15,0.464
2019-12-16,0.475
2019-12-17,0.486
2019-12-18,0.497
2019-12-19,0.507
2019-12-20,0.518
2019-12-21,0.529
2019-12-22,0.539
2019-12-23,0.55
2019-12-24,0.56
2019-12-25,0.571
2019-12-26,0.57
2019-12-27,0.507
2019-12-28,0.434
2019-12-29,0.361
2019-12-30,0.288
2019-12-31,0.216
2020-01-01,0.154
2020-01-02,0.153
2020-01-03,0.162
2020-01-04,0.17
2020-01-05,0.18
2020-01-06,0.188
2020-01-07,0.198
2020-01-08,0.206
2020-01-09,0.214
2020-01-10,0.224
2020-01-11,0.236
2020-01-12,0.262
2020-01-13,0.29
2020-01-14,0.317
2020-01-15,0.345
2020-01-16,0.373
2020-01-17,0.4
2020-01-18,0.428
2020-01-19,0.456
2020-01-20,0.484
2020-01-21,0.504
2020-01-22,0.487
2020-01-23,0.466
2020-01-24,0.444
2020-01-25,0.422
2020-01-26,0.4
2020-01-27,0.378
2020-01-28,0.357
2020-01-29,0.335
2020-01-30,0.313
2020-01-31,0.292
2020-02-01,0.272
2020-02-02,0.264
2020-02-03,0.258
2020-02-04,0.252
2020-02-05,0.245
2020-02-06,0.239
2020-02-07,0.232
2020-02-08,0.226
2020-02-09,0.22
2020-02-10,0.213
2020-02-11,0.217
2020-02-12,0.273
2020-02-13,0.336
2020-02-14,0.4
2020-02-15,0.463
2020-02-16,0.526
2020-02-17,0.59
2020-02-18,0.652
2020-02-19,0.716
2020-02-20,0.78
2020-02-21,0.847
2020-02-22,0.939
2020-02-23,1.03
2020-02-24,1.13
2020-02-25,1.22
2020-02-26,1.32
2020-02-27,1.41
2020-02-28,1.5
2020-02-29,1.6
2020-03-01,1.69
2020-03-02,1.76
2020-03-03,1.84
2020-03-04,1.91
2020-03-05,1.99
2020-03-06,2.06
2020-03-07,2.13
2020-03-08,2.21
2020-03-09,2.28
2020-03-10,2.36
2020-03-11,2.44
2020-03-12,2.53
2020-03-13,2.63
2020-03-14,2.73
2020-03-15,2.83
2020-03-16,2.93
2020-03-17,3.02
2020-03-18,3.12
2020-03-19,3.22
2020-03-20,3.32
2020-03-21,3.41
2020-03-22,3.5
2020-03-23,3.6
2020-03-24,3.68
2020-03-25,3.78
2020-03-26,3.9
2020-03-27,4.33
2020-03-28,4.91
2020-03-29,5.39
2020-03-30,5.64
2020-03-31,5.87
2020-04-01,6.03
2020-04-02,5.64
2020-04-03,4.97
2020-04-04,4.71
2020-04-05,6.0
2020-04-06,6.14
2020-04-07,6.14
2020-04-08,6.35
2020-04-09,6.38
2020-04-10,6.38
2020-04-11,6.38
2020-04-12,6.37
2020-04-13,5.97
2020-04-14,5.67
2020-04-15,5.5
2020-04-16,5.48
2020-04-17,5.48
2020-04-18,5.48
2020-04-19,5.51
2020-04-20,6.29
2020-04-21,5.74
2020-04-22,5.32
2020-04-23,5.38
2020-04-24,5.48
2020-04-25,5.48
2020-04-26,5.48
2020-04-27,5.48
2020-04-28,5.4
2020-04-29,5.48
2020-04-30,5.4
2020-05-01,5.3
2020-05-02,5.21
2020-05-03,5.28
2020-05-04,5.4
2020-05-05,5.3
2020-05-06,5.56
2020-05-07,6.55
2020-05-08,7.04
2020-05-09,7.21
2020-05-10,7.21
2020-05-11,7.09
2020-05-12,7.3
2020-05-13,7.84
2020-05-14,7.84
2020-05-15,7.84
2020-05-16,8.06
2020-05-17,45.0
2020-05-18,64.3
2020-05-19,39.6
2020-05-20,26.4
2020-05-21,23.7
2020-05-22,20.8
2020-05-23,21.6
2020-05-24,20.2
2020-05-25,18.6
2020-05-26,20.0
2020-05-27,22.7
2020-05-28,23.1
2020-05-29,21.4
2020-05-30,19.6
2020-05-31,19.8
2020-06-01,21.4
2020-06-02,21.5
2020-06-03,22.6
2020-06-04,21.6
2020-06-05,17.7
2020-06-06,14.0
2020-06-07,13.4
2020-06-08,12.7
2020-06-09,12.1
2020-06-10,12.2
2020-06-11,13.7
2020-06-12,14.2
2020-06-13,14.7
2020-06-14,15.7
2020-06-15,15.1
2020-06-16,14.2
2020-06-17,13.4
2020-06-18,12.6
2020-06-19,12.1
2020-06-20,12.3
2020-06-21,13.7
2020-06-22,13.6
2020-06-23,31.0
2020-06-24,27.5
2020-06-25,26.1
2020-06-26,23.8
2020-06-27,22.2
2020-06-28,21.2
2020-06-29,19.1
2020-06-30,22.8
2020-07-01,21.2
2020-07-02,21.8
2020-07-03,21.1
2020-07-04,22.6
2020-07-05,21.4
2020-07-06,23.9
2020-07-07,23.6
2020-07-08,22.2
2020-07-09,21.0
2020-07-10,20.0
2020-07-11,18.9
2020-07-12,18.3
2020-07-13,17.9
2020-07-14,17.2
2020-07-15,16.3
2020-07-16,15.1
2020-07-17,15.0
2020-07-18,17.2
2020-07-19,16.6
2020-07-20,16.2
2020-07-21,15.3
2020-07-22,14.3
2020-07-23,12.7
2020-07-24,11.9
2020-07-25,11.6
2020-07-26,11.7
2020-07-27,11.0
2020-07-28,10.7
2020-07-29,11.6
2020-07-30,13.8
2020-07-31,15.0
2020-08-01,15.2
2020-08-02,18.1
2020-08-03,24.6
2020-08-04,24.6
2020-08-05,21.4
2020-08-06,18.4
2020-08-07,20.2
2020-08-08,20.3
2020-08-09,37.5
2020-08-10,24.2
2020-08-11,21.6
2020-08-12,19.0
2020-08-13,25.7
2020-08-14,32.2
2020-08-15,31.9
2020-08-16,29.0
2020-08-17,27.7
2020-08-18,26.5
2020-08-19,26.1
2020-08-20,26.1
2020-08-21,25.1
2020-08-22,24.2
2020-08-23,23.4
2020-08-24,23.0
2020-08-25,22.9
2020-08-26,22.4
2020-08-27,21.7
2020-08-28,31.6
2020-08-29,40.8
2020-08-30,38.8
2020-08-31,39.2
2020-09-01,35.5
2020-09-02,35.0
2020-09-03,36.2
2020-09-04,41.3
2020-09-05,45.4
2020-09-06,42.2
2020-09-07,40.8
2020-09-08,39.9
2020-09-09,40.2
2020-09-10,39.9
2020-09-11,37.7
2020-09-12,35.8
2020-09-13,34.7
2020-09-14,34.6
2020-09-15,34.6
2020-09-16,78.6
2020-09-17,89.1
2020-09-18,95.8
2020-09-19,100.0
2020-09-20,95.7
2020-09-21,90.1
2020-09-22,87.2
2020-09-23,83.8
2020-09-24,79.9
2020-09-25,77.0
2020-09-26,74.3
2020-09-27,67.7
2020-09-28,59.1
2020-09-29,57.4
2020-09-30,54.8
2020-10-01,53.8
2020-10-02,57.8
2020-10-03,57.6
2020-10-04,56.2
2020-10-05,52.4
2020-10-06,49.7
2020-10-07,45.1
2020-10-08,43.3
2020-10-09,41.8
2020-10-10,40.9
2020-10-11,39.8
2020-10-12,38.8
2020-10-13,37.7
2020-10-14,36.2
2020-10-15,34.2
2020-10-16,33.4
2020-10-17,33.3
2020-10-18,32.1
2020-10-19,31.4
2020-10-20,31.3
2020-10-21,30.7
2020-10-22,30.0
2020-10-23,29.9
2020-10-24,29.9
2020-10-25,29.6
2020-10-26,29.3
2020-10-27,28.8
2020-10-28,28.0
2020-10-29,27.5
2020-10-30,27.4
2020-10-31,27.7
2020-11-01,27.7
2020-11-02,25.4
2020-11-03,20.7
2020-11-04,20.9
2020-11-05,21.9
2020-11-06,22.5
2020-11-07,21.9
2020-11-08,21.1
2020-11-09,20.3
2020-11-10,20.8
2020-11-11,21.4
2020-11-12,21.8
2020-11-13,21.5
2020-11-14,21.1
2020-11-15,20.8
2020-11-16,20.7
2020-11-17,20.8
2020-11-18,20.9
2020-11-19,19.9
2020-11-20,18.5
2020-11-21,17.3
2020-11-22,16.6
2020-11-23,15.9
2020-11-24,15.1
2020-11-25,14.1
2020-11-26,12.9
2020-11-27,11.7
2020-11-28,10.5
2020-11-29,9.57
2020-11-30,8.82
2020-12-01,8.34
2020-12-02,7.96
2020-12-03,7.57
2020-12-04,7.19
2020-12-05,6.8
2020-12-06,6.41
2020-12-07,6.03
2020-12-08,5.64
2020-12-09,5.26
2020-12-10,4.87
2020-12-11,4.48
2020-12-12,4.1
2020-12-13,3.72
2020-12-14,3.32
2020-12-15,2.94
2020-12-16,2.56
2020-12-17,2.17
2020-12-18,1.78
2020-12-19,1.4
2020-12-20,1.05
2020-12-21,0.987
2020-12-22,0.964
2020-12-23,0.941
2020-12-24,0.917
2020-12-25,0.894
2020-12-26,0.871
2020-12-27,0.848
2020-12-28,0.825
2020-12-29,0.802
2020-12-30,0.779
2020-12-31,0.753
2021-01-01,0.716
2021-01-02,0.701
2021-01-03,0.688
2021-01-04,0.676
2021-01-05,0.664
2021-01-06,0.652
2021-01-07,0.639
2021-01-08,0.627
2021-01-09,0.615
2021-01-10,0.603
2021-01-11,0.595
2021-01-12,0.611
2021-01-13,0.63
2021-01-14,0.649
2021-01-15,0.668
2021-01-16,0.687
2021-01-17,0.707
2021-01-18,0.726
2021-01-19,0.745
2021-01-20,0.764
2021-01-21,0.798
2021-01-22,0.91
2021-01-23,1.03
2021-01-24,1.16
2021-01-25,1.28
2021-01-26,1.41
2021-01-27,1.53
2021-01-28,1.66
2021-01-29,1.78
2021-01-30,1.91
2021-01-31,2.03
2021-02-01,2.15
2021-02-02,2.21
2021-02-03,2.26
2021-02-04,2.32
2021-02-05,2.37
2021-02-06,2.42
2021-02-07,2.47
2021-02-08,2.52
2021-02-09,2.57
2021-02-10,2.63
2021-02-11,2.74
2021-02-12,2.85
2021-02-13,2.96
2021-02-14,3.08
2021-02-15,3.19
2021-02-16,3.3
2021-02-17,3.41
2021-02-18,3.53
2021-02-19,3.64
2021-02-20,3.73
2021-02-21,3.74
2021-02-22,3.73
2021-02-23,3.71
2021-02-24,3.7
2021-02-25,3.69
2021-02-26,3.67
2021-02-27,3.66
2021-02-28,3.65
2021-03-01,3.66
2021-03-02,3.84
2021-03-03,4.06
2021-03-04,4.26
2021-03-05,4.48
2021-03-06,4.68
2021-03-07,4.9
2021-03-08,5.1
2021-03-09,5.31
2021-03-10,5.52
2021-03-11,5.77
2021-03-12,6.23
2021-03-13,6.73
2021-03-14,7.23
2021-03-15,7.73
2021-03-16,8.22
2021-03-17,8.72
2021-03-18,9.22
2021-03-19,9.71
2021-03-20,10.2
2021-03-21,10.7
2021-03-22,11.8
2021-03-23,13.2
2021-03-24,14.6
2021-03-25,16.1
2021-03-26,17.7
2021-03-27,19.0
2021-03-28,20.0
2021-03-29,20.5
2021-03-30,19.8
2021-03-31,18.5
2021-04-01,19.1
2021-04-02,20.0
2021-04-03,19.2
2021-04-04,16.8
2021-04-05,16.8
2021-04-06,16.2
2021-04-07,14.8
2021-04-08,14.2
2021-04-09,14.3
2021-04-10,14.0
2021-04-11,13.9
2021-04-12,13.9
2021-04-13,12.8
2021-04-14,11.9
2021-04-15,12.1
2021-04-16,12.8
2021-04-17,13.0
2021-04-18,12.7
2021-04-19,12.4
2021-04-20,12.0
2021-04-21,11.7
2021-04-22,12.0
2021-04-23,12.0
2021-04-24,11.8
2021-04-25,11.7
2021-04-26,11.6
2021-04-27,11.7
2021-04-28,11.4
2021-04-29,11.3
2021-04-30,11.3
2021-05-01,11.3
2021-05-02,11.0
2021-05-03,10.9
2021-05-04,10.6
2021-05-05,10.6
2021-05-06,10.6
2021-05-07,10.6
2021-05-08,12.1
2021-05-09,12.4
2021-05-10,11.7
2021-05-11,11.4
2021-05-12,11.8
2021-05-13,11.4
2021-05-14,14.0
2021-05-15,14.6
2021-05-16,14.7
2021-05-17,14.7
2021-05-18,14.5
2021-05-19,14.3
2021-05-20,14.3
2021-05-21,14.3
2021-05-22,14.3
2021-05-23,14.3
2021-05-24,14.6
2021-05-25,15.5
2021-05-26,14.6
2021-05-27,11.1
2021-05-28,10.9
2021-05-29,10.8
2021-05-30,10.6
2021-05-31,10.6
2021-06-01,10.9
2021-06-02,11.6
2021-06-03,14.7
2021-06-04,16.3
2021-06-05,16.7
2021-06-06,14.9
2021-06-07,13.6
2021-06-08,12.8
2021-06-09,13.8
2021-06-10,13.6
2021-06-11,12.5
2021-06-12,11.9
2021-06-13,11.7
2021-06-14,14.0
2021-06-15,17.8
2021-06-16,19.9
2021-06-17,29.6
2021-06-18,23.4
2021-06-19,19.2
2021-06-20,18.2
2021-06-21,18.1
2021-06-22,17.4
2021-06-23,15.7
2021-06-24,14.7
2021-06-25,13.6
2021-06-26,12.8
2021-06-27,12.0
2021-06-28,11.7
2021-06-29,11.5
2021-06-30,19.2
2021-07-01,16.6
2021-07-02,43.5
2021-07-03,51.3
2021-07-04,46.8
2021-07-05,34.4
2021-07-06,29.3
2021-07-07,28.3
2021-07-08,30.6
2021-07-09,29.3
2021-07-10,27.9
2021-07-11,25.2
2021-07-12,23.1
2021-07-13,42.3
2021-07-14,52.9
2021-07-15,52.8
2021-07-16,51.4
2021-07-17,48.4
2021-07-18,55.0
2021-07-19,61.9
2021-07-20,65.1
2021-07-21,67.3
2021-07-22,70.7
2021-07-23,70.9
2021-07-24,78.6
2021-07-25,79.2
2021-07-26,104.0
2021-07-27,118.0
2021-07-28,116.0
2021-07-29,109.0
2021-07-30,103.0
2021-07-31,94.6
2021-08-01,99.9
2021-08-02,106.0
2021-08-03,89.5
2021-08-04,83.0
2021-08-05,128.0
2021-08-06,107.0
2021-08-07,89.2
2021-08-08,77.1
2021-08-09,84.2
2021-08-10,95.2
2021-08-11,172.0
2021-08-12,185.0
2021-08-13,160.0
2021-08-14,142.0
2021-08-15,134.0
2021-08-16,127.0
2021-08-17,121.0
2021-08-18,114.0
2021-08-19,108.0
2021-08-20,106.0
2021-08-21,101.0
2021-08-22,98.1
2021-08-23,104.0
2021-08-24,96.2
2021-08-25,176.0
2021-08-26,158.0
2021-08-27,162.0
2021-08-28,154.0
2021-08-29,137.0
2021-08-30,132.0
2021-08-31,123.0
2021-09-01,117.0
2021-09-02,113.0
2021-09-03,107.0
2021-09-04,102.0
2021-09-05,98.0
2021-09-06,130.0
2021-09-07,147.0
2021-09-08,170.0
2021-09-09,138.0
2021-09-10,133.0
2021-09-11,128.0
2021-09-12,120.0
2021-09-13,118.0
2021-09-14,116.0
2021-09-15,111.0
2021-09-16,116.0
2021-09-17,114.0
2021-09-18,106.0
2021-09-19,99.0
2021-09-20,95.0
2021-09-21,93.7
2021-09-22,91.8
2021-09-23,87.4
2021-09-24,83.5
2021-09-25,85.4
2021-09-26,85.3
2021-09-27,86.1
2021-09-28,84.7
2021-09-29,79.6
2021-09-30,75.4
2021-10-01,73.5
2021-10-02,71.7
2021-10-03,69.7
2021-10-04,66.5
2021-10-05,64.2
2021-10-06,62.6
2021-10-07,61.5
2021-10-08,59.0
2021-10-09,57.1
2021-10-10,55.2
2021-10-11,53.4
2021-10-12,52.4
2021-10-13,52.3
2021-10-14,53.1
2021-10-15,53.1
2021-10-16,50.7
2021-10-17,47.4
2021-10-18,48.5
2021-10-19,48.7
2021-10-20,47.9
2021-10-21,47.0
2021-10-22,46.9
2021-10-23,46.1
2021-10-24,45.2
2021-10-25,45.1
2021-10-26,44.4
2021-10-27,43.9
2021-10-28,43.4
2021-10-29,42.6
2021-10-30,42.2
2021-10-31,41.3
2021-11-01,40.1
2021-11-02,40.0
2021-11-03,40.0
2021-11-04,39.6
2021-11-05,38.4
2021-11-06,36.9
2021-11-07,32.4
2021-11-08,32.1
2021-11-09,32.7
2021-11-10,33.2
2021-11-11,33.5
2021-11-12,33.8
2021-11-13,33.8
2021-11-14,32.1
2021-11-15,30.0
2021-11-16,28.4
2021-11-17,27.6
2021-11-18,26.9
2021-11-19,26.2
2021-11-20,24.9
2021-11-21,23.5
2021-11-22,21.8
2021-11-23,19.5
2021-11-24,17.0
2021-11-25,14.7
2021-11-26,14.2
2021-11-27,14.0
2021-11-28,13.7
2021-11-29,13.5
2021-11-30,13.3
2021-12-01,13.0
2021-12-02,12.8
2021-12-03,12.6
2021-12-04,12.4
2021-12-05,12.1
2021-12-06,11.7
2021-12-07,11.4
2021-12-08,11.0
2021-12-09,10.6
2021-12-10,10.3
2021-12-11,9.94
2021-12-12,9.61
2021-12-13,9.26
2021-12-14,8.91
2021-12-15,8.6
2021-12-16,8.46
2021-12-17,8.34
2021-12-18,8.23
2021-12-19,8.11
2021-12-20,8.0
2021-12-21,7.88
2021-12-22,7.77
2021-12-23,7.65
2021-12-24,7.54
2021-12-25,7.34
2021-12-26,6.72
2021-12-27,6.04
2021-12-28,5.35
2021-12-29,4.66
2021-12-30,3.98
2021-12-31,3.3
2022-01-01,2.7
2022-01-02,2.6
2022-01-03,2.58
2022-01-04,2.54
2022-01-05,2.52
2022-01-06,2.48
2022-01-07,2.46
2022-01-08,2.42
2022-01-09,2.39
2022-01-10,2.36
2022-01-11,2.33
2022-01-12,2.36
2022-01-13,2.38
2022-01-14,2.4
2022-01-15,2.43
2022-01-16,2.45
2022-01-17,2.48
2022-01-18,2.5
2022-01-19,2.52
2022-01-20,2.55
2022-01-21,2.58
2022-01-22,2.62
2022-01-23,2.73
2022-01-24,2.86
2022-01-25,2.99
2022-01-26,3.11
2022-01-27,3.24
2022-01-28,3.37
2022-01-29,3.49
2022-01-30,3.62
2022-01-31,3.75
2022-02-01,3.86
2022-02-02,3.88
2022-02-03,3.89
2022-02-04,3.9
2022-02-05,3.9
2022-02-06,3.91
2022-02-07,3.92
2022-02-08,3.93
2022-02-09,3.94
2022-02-10,3.95
2022-02-11,3.96
2022-02-12,3.96
2022-02-13,3.97
2022-02-14,3.97
2022-02-15,3.98
2022-02-16,3.98
2022-02-17,3.99
2022-02-18,3.99
2022-02-19,4.0
2022-02-20,4.0
2022-02-21,4.03
2022-02-22,4.16
2022-02-23,4.3
2022-02-24,4.44
2022-02-25,4.59
2022-02-26,4.74
2022-02-27,4.88
2022-02-28,5.02
2022-03-01,5.16
2022-03-02,5.31
2022-03-03,5.48
2022-03-04,5.78
2022-03-05,6.1
2022-03-06,6.43
2022-03-07,6.75
2022-03-08,7.07
2022-03-09,7.39
2022-03-10,7.72
2022-03-11,8.04
2022-03-12,8.36
2022-03-13,8.71
2022-03-14,9.19
2022-03-15,9.69
2022-03-16,10.2
2022-03-17,10.7
2022-03-18,11.2
2022-03-19,11.7
2022-03-20,12.2
2022-03-21,12.7
2022-03-22,13.2
2022-03-23,13.7
2022-03-24,14.4
2022-03-25,15.2
2022-03-26,16.2
2022-03-27,17.2
2022-03-28,18.4
2022-03-29,19.9
2022-03-30,21.9
2022-03-31,24.9
2022-04-01,29.5
2022-04-02,32.2
2022-04-03,30.9
2022-04-04,28.9
2022-04-05,27.0
2022-04-06,25.2
2022-04-07,23.4
2022-04-08,24.0
2022-04-09,27.6
2022-04-10,27.8
2022-04-11,30.8
2022-04-12,27.3
2022-04-13,23.0
2022-04-14,19.8
2022-04-15,18.9
2022-04-16,18.4
2022-04-17,18.3
2022-04-18,17.5
2022-04-19,17.8
2022-04-20,18.3
2022-04-21,18.5
2022-04-22,18.3
2022-04-23,17.5
2022-04-24,16.8
2022-04-25,16.3
2022-04-26,16.2
2022-04-27,15.7
2022-04-28,15.2
2022-04-29,15.0
2022-04-30,15.2
2022-05-01,14.7
2022-05-02,14.4
2022-05-03,14.3
2022-05-04,14.3
2022-05-05,14.5
2022-05-06,16.3
2022-05-07,16.9
2022-05-08,15.8
2022-05-09,15.5
2022-05-10,15.0
2022-05-11,15.6
2022-05-12,16.2
2022-05-13,19.4
2022-05-14,20.3
2022-05-15,20.1
2022-05-16,19.6
2022-05-17,19.0
2022-05-18,18.9
2022-05-19,18.9
2022-05-20,18.9
2022-05-21,18.6
2022-05-22,18.3
2022-05-23,18.3
2022-05-24,18.8
2022-05-25,20.5
2022-05-26,21.2
2022-05-27,20.9
2022-05-28,20.0
2022-05-29,20.8
2022-05-30,21.8
2022-05-31,18.8
2022-06-01,17.9
2022-06-02,16.8
2022-06-03,16.2
2022-06-04,15.8
2022-06-05,17.4
2022-06-06,24.1
2022-06-07,25.9
2022-06-08,24.6
2022-06-09,21.7
2022-06-10,20.7
2022-06-11,19.6
2022-06-12,22.5
2022-06-13,37.2
2022-06-14,40.5
2022-06-15,41.2
2022-06-16,43.9
2022-06-17,37.8
2022-06-18,29.6
2022-06-19,26.0
2022-06-20,24.2
2022-06-21,22.9
2022-06-22,21.6
2022-06-23,20.7
2022-06-24,21.9
2022-06-25,23.4
2022-06-26,21.6
2022-06-27,20.2
2022-06-28,20.1
2022-06-29,20.2
2022-06-30,22.8
2022-07-01,27.0
2022-07-02,28.3
2022-07-03,27.3
2022-07-04,27.0
2022-07-05,22.8
2022-07-06,29.1
2022-07-07,39.2
2022-07-08,32.1
2022-07-09,26.9
2022-07-10,25.0
2022-07-11,22.3
2022-07-12,20.1
2022-07-13,24.7
2022-07-14,26.3
2022-07-15,31.3
2022-07-16,26.9
2022-07-17,23.9
2022-07-18,24.5
2022-07-19,24.2
2022-07-20,24.3
2022-07-21,22.1
2022-07-22,20.2
2022-07-23,19.8
2022-07-24,22.4
2022-07-25,22.5
2022-07-26,20.6
2022-07-27,24.9
2022-07-28,25.0
2022-07-29,23.9
2022-07-30,21.4
2022-07-31,19.9
2022-08-01,19.0
2022-08-02,18.4
2022-08-03,17.9
2022-08-04,18.4
2022-08-05,24.0
2022-08-06,24.1
2022-08-07,22.3
2022-08-08,20.8
2022-08-09,19.0
2022-08-10,17.0
2022-08-11,15.8
2022-08-12,15.3
2022-08-13,14.4
2022-08-14,14.4
2022-08-15,18.6
2022-08-16,24.5
2022-08-17,22.6
2022-08-18,20.8
2022-08-19,19.6
2022-08-20,18.7
2022-08-21,18.6
2022-08-22,17.9
2022-08-23,16.9
2022-08-24,15.3
2022-08-25,14.5
2022-08-26,14.1
2022-08-27,13.8
2022-08-28,13.4
2022-08-29,13.1
2022-08-30,12.8
2022-08-31,12.8
2022-09-01,12.6
2022-09-02,12.3
2022-09-03,11.7
2022-09-04,11.4
2022-09-05,11.4
2022-09-06,11.5
2022-09-07,11.6
2022-09-08,11.2
2022-09-09,10.9
2022-09-10,10.4
2022-09-11,10.0
2022-09-12,9.96
2022-09-13,9.96
2022-09-14,9.77
2022-09-15,9.51
2022-09-16,9.51
2022-09-17,9.51
2022-09-18,9.51
2022-09-19,9.32
2022-09-20,9.06
2022-09-21,9.06
2022-09-22,9.1
2022-09-23,10.5
2022-09-24,10.9
2022-09-25,10.7
2022-09-26,10.2
2022-09-27,9.96
2022-09-28,9.96
2022-09-29,9.77
2022-09-30,9.51
2022-10-01,9.7
2022-10-02,9.99
2022-10-03,11.0
2022-10-04,11.6
2022-10-05,12.2
2022-10-06,12.3
2022-10-07,12.1
2022-10-08,12.0
2022-10-09,12.3
2022-10-10,12.3
2022-10-11,12.3
2022-10-12,12.3
2022-10-13,12.3
2022-10-14,12.3
2022-10-15,12.1
2022-10-16,11.8
2022-10-17,11.8
2022-10-18,11.4
2022-10-19,11.4
2022-10-20,11.4
2022-10-21,11.7
2022-10-22,11.4
2022-10-23,11.4
2022-10-24,11.4
2022-10-25,11.4
2022-10-26,11.4
2022-10-27,11.4
2022-10-28,11.4
2022-10-29,11.0
2022-10-30,10.9
2022-10-31,10.7
2022-11-01,11.0
2022-11-02,11.9
2022-11-03,12.6
2022-11-04,13.0
2022-11-05,12.7
2022-11-06,12.1
2022-11-07,11.5
2022-11-08,10.7
2022-11-09,10.1
2022-11-10,10.0
2022-11-11,10.2
2022-11-12,10.4
2022-11-13,10.1
2022-11-14,9.78
2022-11-15,9.41
2022-11-16,9.04
2022-11-17,8.61
2022-11-18,8.1
2022-11-19,7.1
2022-11-20,5.61
2022-11-21,4.32
2022-11-22,4.52
2022-11-23,4.95
2022-11-24,5.27
2022-11-25,4.81
2022-11-26,4.17
2022-11-27,3.61
2022-11-28,3.18
2022-11-29,2.84
2022-11-30,2.51
2022-12-01,2.18
2022-12-02,1.9
2022-12-03,1.82
2022-12-04,1.76
2022-12-05,1.7
2022-12-06,1.65
2022-12-07,1.59
2022-12-08,1.53
2022-12-09,1.47
2022-12-10,1.41
2022-12-11,1.36
2022-12-12,1.3
2022-12-13,1.26
2022-12-14,1.22
2022-12-15,1.18
2022-12-16,1.14
2022-12-17,1.1
2022-12-18,1.06
2022-12-19,1.02
2022-12-20,0.989
2022-12-21,0.95
2022-12-22,0.915
2022-12-23,0.91
2022-12-24,0.909
2022-12-25,0.908
2022-12-26,0.907
2022-12-27,0.906
2022-12-28,0.905
2022-12-29,0.904
2022-12-30,0.903
2022-12-31,0.902
