time,tmax
2012-01-01,-8.728257
2012-01-02,-10.600789
2012-01-03,-8.398426
2012-01-04,-8.198412
2012-01-05,-9.83067
2012-01-06,-8.066035
2012-01-07,-8.321484
2012-01-08,-8.710687
2012-01-09,-11.234208
2012-01-10,-14.579664
2012-01-11,-13.643012
2012-01-12,-6.5557466
2012-01-13,-5.946689
2012-01-14,-6.5974483
2012-01-15,-4.327659
2012-01-16,-8.652406
2012-01-17,-10.035091
2012-01-18,-9.087763
2012-01-19,-11.152879
2012-01-20,-14.475175
2012-01-21,-16.002218
2012-01-22,-14.040707
2012-01-23,-15.36106
2012-01-24,-13.979963
2012-01-25,-12.506604
2012-01-26,-11.525744
2012-01-27,-12.330596
2012-01-28,-13.674441
2012-01-29,-14.40877
2012-01-30,-16.346191
2012-01-31,-16.426666
2012-02-01,-15.069567
2012-02-02,-9.474892
2012-02-03,-10.046315
2012-02-04,-3.7879696
2012-02-05,-3.3588097
2012-02-06,-9.843145
2012-02-07,-11.243217
2012-02-08,-9.202632
2012-02-09,-7.735523
2012-02-10,-10.159884
2012-02-11,-9.203551
2012-02-12,-5.146155
2012-02-13,-5.2395205
2012-02-14,-9.965891
2012-02-15,-6.059791
2012-02-16,-7.6223927
2012-02-17,-8.127613
2012-02-18,-3.722375
2012-02-19,-1.1852734
2012-02-20,-6.7567067
2012-02-21,-6.8934517
2012-02-22,-4.5256
2012-02-23,-0.25470954
2012-02-24,-2.3564286
2012-02-25,-4.999911
2012-02-26,-4.419087
2012-02-27,3.3774502
2012-02-28,4.599555
2012-02-29,0.84243214
2012-03-01,-2.9182634
2012-03-02,-3.7430775
2012-03-03,0.41731125
2012-03-04,-1.0171783
2012-03-05,-3.3852255
2012-03-06,-1.0589993
2012-03-07,-3.381337
2012-03-08,-3.6150544
2012-03-09,-4.1003103
2012-03-10,-4.881072
2012-03-11,-2.3136466
2012-03-12,-2.1648793
2012-03-13,1.8015349
2012-03-14,1.5245261
2012-03-15,7.991928
2012-03-16,11.320897
2012-03-17,2.611364
2012-03-18,0.06001763
2012-03-19,1.5166032
2012-03-20,5.729493
2012-03-21,6.857909
2012-03-22,9.249631
2012-03-23,2.680855
2012-03-24,5.051795
2012-03-25,4.9348726
2012-03-26,14.00354
2012-03-27,11.600793
2012-03-28,19.609526
2012-03-29,12.046032
2012-03-30,5.7863564
2012-03-31,-0.84462637
2012-04-01,0.6013509
2012-04-02,5.407031
2012-04-03,7.4258194
2012-04-04,7.131434
2012-04-05,2.9684422
2012-04-06,4.8429227
2012-04-07,13.873964
2012-04-08,7.8464255
2012-04-09,18.750452
2012-04-10,15.923284
2012-04-11,13.38369
2012-04-12,12.7626705
2012-04-13,21.591928
2012-04-14,10.722283
2012-04-15,8.9586735
2012-04-16,14.138064
2012-04-17,22.421665
2012-04-18,23.803122
2012-04-19,24.465597
2012-04-20,17.816126
2012-04-21,21.499973
2012-04-22,24.38621
2012-04-23,23.760015
2012-04-24,18.781483
2012-04-25,13.771612
2012-04-26,17.442362
2012-04-27,10.560124
2012-04-28,8.387726
2012-04-29,16.191982
2012-04-30,20.44635
2012-05-01,20.749445
2012-05-02,22.915833
2012-05-03,25.505041
2012-05-04,21.770977
2012-05-05,20.659067
2012-05-06,23.350718
2012-05-07,24.006884
2012-05-08,22.795341
2012-05-09,21.166985
2012-05-10,22.67202
2012-05-11,20.431494
2012-05-12,16.053064
2012-05-13,17.204237
2012-05-14,13.665842
2012-05-15,16.121943
2012-05-16,13.842099
2012-05-17,24.90482
2012-05-18,31.47689
2012-05-19,24.444323
2012-05-20,26.46499
2012-05-21,30.934677
2012-05-22,26.248034
2012-05-23,17.90687
2012-05-24,20.301537
2012-05-25,23.628078
2012-05-26,22.325932
2012-05-27,27.672085
2012-05-28,24.237465
2012-05-29,22.738424
2012-05-30,21.012178
2012-05-31,22.214155
2012-06-01,23.524786
2012-06-02,18.072447
2012-06-03,19.894676
2012-06-04,20.241829
2012-06-05,26.715637
2012-06-06,24.961565
2012-06-07,25.850708
2012-06-08,25.935678
2012-06-09,22.662888
2012-06-10,18.624777
2012-06-11,20.170689
2012-06-12,15.226151
2012-06-13,16.981575
2012-06-14,20.058142
2012-06-15,17.77581
2012-06-16,23.082792
2012-06-17,20.750328
2012-06-18,26.276287
2012-06-19,27.474678
2012-06-20,28.358635
2012-06-21,28.67637
2012-06-22,29.002031
2012-06-23,27.3232
2012-06-24,25.298334
2012-06-25,27.363483
2012-06-26,27.974062
2012-06-27,24.191566
2012-06-28,26.845465
2012-06-29,25.5008
2012-06-30,30.223394
2012-07-01,25.469837
2012-07-02,21.393316
2012-07-03,22.354137
2012-07-04,27.199057
2012-07-05,28.429174
2012-07-06,30.512482
2012-07-07,31.685104
2012-07-08,28.859283
2012-07-09,28.561483
2012-07-10,28.269579
2012-07-11,22.596375
2012-07-12,22.0683
2012-07-13,27.958101
2012-07-14,29.70471
2012-07-15,31.109215
2012-07-16,32.254868
2012-07-17,33.225124
2012-07-18,28.06544
2012-07-19,30.959112
2012-07-20,30.527126
2012-07-21,28.754
2012-07-22,22.382963
2012-07-23,29.557821
2012-07-24,31.764797
2012-07-25,29.965868
2012-07-26,30.520718
2012-07-27,31.03953
2012-07-28,24.72123
2012-07-29,19.10249
2012-07-30,22.570387
2012-07-31,27.59321
2012-08-01,25.569712
2012-08-02,24.06589
2012-08-03,22.913883
2012-08-04,28.154055
2012-08-05,31.590149
2012-08-06,32.76859
2012-08-07,30.54463
2012-08-08,28.862331
2012-08-09,26.795212
2012-08-10,23.406326
2012-08-11,21.373129
2012-08-12,26.266294
2012-08-13,27.837831
2012-08-14,28.104174
2012-08-15,27.52567
2012-08-16,29.880575
2012-08-17,27.491066
2012-08-18,27.216547
2012-08-19,28.599977
2012-08-20,22.63365
2012-08-21,24.123066
2012-08-22,23.081118
2012-08-23,30.847754
2012-08-24,30.33873
2012-08-25,30.958702
2012-08-26,30.020868
2012-08-27,27.553492
2012-08-28,30.980444
2012-08-29,28.97354
2012-08-30,29.86826
2012-08-31,32.878304
2012-09-01,31.796278
2012-09-02,23.12911
2012-09-03,16.744762
2012-09-04,15.591533
2012-09-05,20.680841
2012-09-06,26.93084
2012-09-07,28.451433
2012-09-08,27.37096
2012-09-09,27.79101
2012-09-10,26.601048
2012-09-11,18.411821
2012-09-12,12.267458
2012-09-13,15.181412
2012-09-14,21.822258
2012-09-15,24.055813
2012-09-16,25.167137
2012-09-17,24.615738
2012-09-18,24.849596
2012-09-19,25.99452
2012-09-20,27.603588
2012-09-21,26.478632
2012-09-22,23.894884
2012-09-23,20.50064
2012-09-24,19.207232
2012-09-25,12.981552
2012-09-26,18.929989
2012-09-27,9.545217
2012-09-28,17.053877
2012-09-29,16.782946
2012-09-30,20.234056
2012-10-01,22.601223
2012-10-02,20.95374
2012-10-03,15.331427
2012-10-04,19.300432
2012-10-05,16.924582
2012-10-06,17.513056
2012-10-07,19.501677
2012-10-08,21.69177
2012-10-09,16.394953
2012-10-10,12.498859
2012-10-11,14.124957
2012-10-12,9.206084
2012-10-13,7.4076715
2012-10-14,10.625704
2012-10-15,10.625132
2012-10-16,5.601837
2012-10-17,3.9087217
2012-10-18,3.450025
2012-10-19,9.933118
2012-10-20,3.273261
2012-10-21,5.61462
2012-10-22,10.637839
2012-10-23,12.682899
2012-10-24,13.035959
2012-10-25,14.82203
2012-10-26,16.440758
2012-10-27,15.811544
2012-10-28,5.8825216
2012-10-29,3.078299
2012-10-30,0.5239999
2012-10-31,0.57736397
2012-11-01,2.2052095
2012-11-02,1.2374927
2012-11-03,0.2931285
2012-11-04,0.32223654
2012-11-05,3.2401218
2012-11-06,3.928124
2012-11-07,5.741536
2012-11-08,7.1954775
2012-11-09,3.8274095
2012-11-10,1.9621521
2012-11-11,0.0366413
2012-11-12,3.4053853
2012-11-13,-1.3429663
2012-11-14,2.2199576
2012-11-15,1.4977515
2012-11-16,1.2096123
2012-11-17,0.3573799
2012-11-18,-7.038997
2012-11-19,-2.8435044
2012-11-20,-1.6687727
2012-11-21,1.3289285
2012-11-22,-4.864648
2012-11-23,-3.4801884
2012-11-24,-5.1784887
2012-11-25,-4.2791224
2012-11-26,-5.0944242
2012-11-27,-9.609025
2012-11-28,-7.609893
2012-11-29,-8.58813
2012-11-30,-10.481377
2012-12-01,-11.36464
2012-12-02,-8.728689
2012-12-03,-11.109796
2012-12-04,-10.237115
2012-12-05,-13.23312
2012-12-06,-14.986864
2012-12-07,-16.77411
2012-12-08,-14.4002905
2012-12-09,-5.456151
2012-12-10,-5.8582444
2012-12-11,-4.8118377
2012-12-12,-8.227165
2012-12-13,-7.4778166
2012-12-14,-8.650254
2012-12-15,-11.757128
2012-12-16,-11.6178665
2012-12-17,-11.956163
2012-12-18,-11.754621
2012-12-19,-9.294138
2012-12-20,-7.7994533
2012-12-21,-9.486006
2012-12-22,-14.210137
2012-12-23,-16.089148
2012-12-24,-15.369053
2012-12-25,-18.65583
2012-12-26,-13.855416
2012-12-27,-12.2297945
2012-12-28,-14.192729
2012-12-29,-13.047431
2012-12-30,-16.05987
2012-12-31,-16.032871
2013-01-01,-20.298712
2013-01-02,-15.653276
2013-01-03,-11.245403
2013-01-04,-10.164951
2013-01-05,-10.55452
2013-01-06,-10.887505
2013-01-07,-15.23443
2013-01-08,-14.982736
2013-01-09,-14.083197
2013-01-10,-12.949085
2013-01-11,-15.535692
2013-01-12,-11.433117
2013-01-13,-12.318077
2013-01-14,-11.684132
2013-01-15,-14.101413
2013-01-16,-10.446196
2013-01-17,-6.2900443
2013-01-18,-9.821455
2013-01-19,-6.9621954
2013-01-20,-12.547316
2013-01-21,-6.019319
2013-01-22,-5.9578543
2013-01-23,-12.472258
2013-01-24,-16.087101
2013-01-25,-12.853105
2013-01-26,-11.657015
2013-01-27,-8.696355
2013-01-28,-6.8751416
2013-01-29,-2.000534
2013-01-30,-11.196475
2013-01-31,-10.926616
2013-02-01,-9.78464
2013-02-02,-10.096608
2013-02-03,-12.598543
2013-02-04,-8.403495
2013-02-05,-8.957008
2013-02-06,-15.526547
2013-02-07,-14.651564
2013-02-08,-10.401273
2013-02-09,-10.27751
2013-02-10,-10.08379
2013-02-11,-6.2062383
2013-02-12,-5.256936
2013-02-13,-3.5241208
2013-02-14,-7.854623
2013-02-15,-6.879441
2013-02-16,-5.8762474
2013-02-17,-6.797203
2013-02-18,-7.071393
2013-02-19,-10.708529
2013-02-20,-9.259422
2013-02-21,-5.0358605
2013-02-22,-7.3350525
2013-02-23,-5.500428
2013-02-24,-4.1261325
2013-02-25,-1.4510295
2013-02-26,-2.7525303
2013-02-27,-2.4657946
2013-02-28,-8.64087
2013-03-01,-3.701472
2013-03-02,-2.162357
2013-03-03,-1.9628263
2013-03-04,5.2152634
2013-03-05,8.908068
2013-03-06,7.345263
2013-03-07,3.0314183
2013-03-08,-0.7305426
2013-03-09,-4.4492598
2013-03-10,-1.6483319
2013-03-11,4.35896
2013-03-12,-1.0814557
2013-03-13,-4.440633
2013-03-14,7.7058887
2013-03-15,3.0807345
2013-03-16,10.951215
2013-03-17,7.2400765
2013-03-18,-4.8683434
2013-03-19,-6.827013
2013-03-20,-3.5128908
2013-03-21,0.94095576
2013-03-22,-1.1100236
2013-03-23,-0.6151099
2013-03-24,1.951689
2013-03-25,4.8516154
2013-03-26,9.822737
2013-03-27,0.8164681
2013-03-28,1.7925107
2013-03-29,2.0953336
2013-03-30,3.0205865
2013-03-31,3.8749452
2013-04-01,6.365021
2013-04-02,17.246363
2013-04-03,5.9506407
2013-04-04,3.7670875
2013-04-05,3.9159286
2013-04-06,5.38387
2013-04-07,5.5502567
2013-04-08,1.8102573
2013-04-09,8.595995
2013-04-10,4.8207664
2013-04-11,8.331214
2013-04-12,12.585074
2013-04-13,7.5844183
2013-04-14,3.75793
2013-04-15,7.654609
2013-04-16,5.100279
2013-04-17,7.443874
2013-04-18,8.029128
2013-04-19,9.427478
2013-04-20,9.210966
2013-04-21,14.163728
2013-04-22,17.636213
2013-04-23,15.939398
2013-04-24,12.169669
2013-04-25,13.105483
2013-04-26,18.295141
2013-04-27,25.200682
2013-04-28,19.702837
2013-04-29,10.711557
2013-04-30,14.508764
2013-05-01,15.716295
2013-05-02,15.524505
2013-05-03,21.305077
2013-05-04,25.78669
2013-05-05,31.109623
2013-05-06,23.722668
2013-05-07,32.928898
2013-05-08,30.652784
2013-05-09,24.161846
2013-05-10,21.358713
2013-05-11,15.135933
2013-05-12,17.1537
2013-05-13,20.248913
2013-05-14,13.31654
2013-05-15,21.532196
2013-05-16,22.530758
2013-05-17,24.837475
2013-05-18,30.658855
2013-05-19,24.986706
2013-05-20,20.2968
2013-05-21,18.046375
2013-05-22,27.239805
2013-05-23,32.78301
2013-05-24,25.354342
2013-05-25,30.960691
2013-05-26,30.678602
2013-05-27,26.491766
2013-05-28,24.83154
2013-05-29,23.01206
2013-05-30,29.113642
2013-05-31,35.79154
2013-06-01,21.666296
2013-06-02,22.915003
2013-06-03,16.490011
2013-06-04,23.176085
2013-06-05,25.558998
2013-06-06,21.124966
2013-06-07,29.458916
2013-06-08,25.233635
2013-06-09,19.453428
2013-06-10,21.167809
2013-06-11,22.469976
2013-06-12,21.158749
2013-06-13,26.78901
2013-06-14,30.141493
2013-06-15,29.2256
2013-06-16,27.604239
2013-06-17,28.093575
2013-06-18,28.882692
2013-06-19,26.49498
2013-06-20,26.789925
2013-06-21,28.25811
2013-06-22,30.05209
2013-06-23,30.657063
2013-06-24,31.100012
2013-06-25,25.89162
2013-06-26,22.041006
2013-06-27,22.923737
2013-06-28,26.464275
2013-06-29,20.885706
2013-06-30,19.289354
2013-07-01,26.879412
2013-07-02,24.407497
2013-07-03,24.805506
2013-07-04,26.228588
2013-07-05,28.748451
2013-07-06,26.869537
2013-07-07,31.56037
2013-07-08,27.27505
2013-07-09,29.159618
2013-07-10,30.164001
2013-07-11,27.14314
2013-07-12,25.47189
2013-07-13,28.796816
2013-07-14,30.824173
2013-07-15,25.475178
2013-07-16,27.74918
2013-07-17,30.504469
2013-07-18,27.024305
2013-07-19,26.08932
2013-07-20,28.930206
2013-07-21,31.228296
2013-07-22,27.775589
2013-07-23,28.290958
2013-07-24,26.664394
2013-07-25,29.306627
2013-07-26,29.793604
2013-07-27,25.809742
2013-07-28,30.781599
2013-07-29,32.864296
2013-07-30,30.492287
2013-07-31,27.11715
2013-08-01,25.2167
2013-08-02,27.770391
2013-08-03,27.19894
2013-08-04,30.330368
2013-08-05,28.382088
2013-08-06,27.790398
2013-08-07,31.069664
2013-08-08,28.77088
2013-08-09,29.082386
2013-08-10,30.410273
2013-08-11,30.706675
2013-08-12,28.278786
2013-08-13,30.926207
2013-08-14,31.33339
2013-08-15,29.556269
2013-08-16,24.760519
2013-08-17,25.458939
2013-08-18,25.910772
2013-08-19,25.935783
2013-08-20,27.254194
2013-08-21,22.246712
2013-08-22,24.335634
2013-08-23,27.368032
2013-08-24,28.7281
2013-08-25,22.56631
2013-08-26,24.816511
2013-08-27,24.973345
2013-08-28,17.304539
2013-08-29,19.941265
2013-08-30,21.144394
2013-08-31,19.093393
2013-09-01,19.602999
2013-09-02,20.339718
2013-09-03,25.469982
2013-09-04,25.88002
2013-09-05,22.532566
2013-09-06,18.025553
2013-09-07,24.255928
2013-09-08,28.280167
2013-09-09,24.261295
2013-09-10,19.628042
2013-09-11,24.06562
2013-09-12,21.145185
2013-09-13,27.981539
2013-09-14,17.287659
2013-09-15,18.46233
2013-09-16,18.929577
2013-09-17,20.326946
2013-09-18,21.414982
2013-09-19,24.32755
2013-09-20,19.331762
2013-09-21,22.692049
2013-09-22,26.926455
2013-09-23,22.181746
2013-09-24,15.851663
2013-09-25,14.35371
2013-09-26,23.417196
2013-09-27,27.011723
2013-09-28,17.781065
2013-09-29,20.644993
2013-09-30,19.411573
2013-10-01,16.66694
2013-10-02,10.509588
2013-10-03,13.01285
2013-10-04,17.641891
2013-10-05,18.095543
2013-10-06,21.323168
2013-10-07,19.698097
2013-10-08,17.138115
2013-10-09,19.527336
2013-10-10,13.525835
2013-10-11,9.955904
2013-10-12,15.725961
2013-10-13,15.301684
2013-10-14,9.621534
2013-10-15,8.687276
2013-10-16,10.397731
2013-10-17,12.476383
2013-10-18,14.057235
2013-10-19,12.772869
2013-10-20,12.793867
2013-10-21,7.745885
2013-10-22,7.7845364
2013-10-23,7.417169
2013-10-24,5.163864
2013-10-25,11.99555
2013-10-26,11.587741
2013-10-27,10.009616
2013-10-28,9.073787
2013-10-29,6.381601
2013-10-30,13.016518
2013-10-31,12.919849
2013-11-01,10.804839
2013-11-02,13.503246
2013-11-03,13.624964
2013-11-04,14.934673
2013-11-05,11.694177
2013-11-06,7.174689
2013-11-07,0.857465
2013-11-08,-3.8714786
2013-11-09,-2.267877
2013-11-10,0.52431273
2013-11-11,1.3850003
2013-11-12,4.495144
2013-11-13,8.526291
2013-11-14,6.8704295
2013-11-15,4.7460084
2013-11-16,2.0545158
2013-11-17,-0.09151849
2013-11-18,-0.23584327
2013-11-19,1.4696505
2013-11-20,3.1064591
2013-11-21,6.839386
2013-11-22,8.13246
2013-11-23,5.081756
2013-11-24,3.0251741
2013-11-25,-1.3707906
2013-11-26,-3.1029658
2013-11-27,-7.3334303
2013-11-28,-2.9960496
2013-11-29,4.71906
2013-11-30,0.038447082
2013-12-01,6.9616337
2013-12-02,6.9724407
2013-12-03,6.7798185
2013-12-04,2.6942656
2013-12-05,-0.56528616
2013-12-06,-2.0026221
2013-12-07,-1.3597431
2013-12-08,-5.3221416
2013-12-09,-3.5412498
2013-12-10,-6.0525775
2013-12-11,-9.486011
2013-12-12,-11.921634
2013-12-13,-12.347965
2013-12-14,-8.003095
2013-12-15,-4.9377594
2013-12-16,-8.186241
2013-12-17,-7.954372
2013-12-18,-7.9573007
2013-12-19,-9.102512
2013-12-20,-5.4582853
2013-12-21,-5.776739
2013-12-22,-3.0607092
2013-12-23,-3.1033223
2013-12-24,-4.776859
2013-12-25,-8.529178
2013-12-26,-7.807473
2013-12-27,-8.615707
2013-12-28,-8.36395
2013-12-29,-5.1768928
2013-12-30,-2.9276466
2013-12-31,-4.2789664
2014-01-01,-8.728773
2014-01-02,-4.2241945
2014-01-03,-6.276528
2014-01-04,-6.7139864
2014-01-05,-6.429691
2014-01-06,-5.037
2014-01-07,-5.9127617
2014-01-08,-12.604962
2014-01-09,-13.050761
2014-01-10,-9.695851
2014-01-11,-9.823883
2014-01-12,-13.631923
2014-01-13,-10.147587
2014-01-14,-10.041391
2014-01-15,-5.1526556
2014-01-16,-9.913426
2014-01-17,-7.7048182
2014-01-18,-6.400567
2014-01-19,-11.473387
2014-01-20,-7.5962543
2014-01-21,-5.9309187
2014-01-22,-3.4697247
2014-01-23,-0.77251863
2014-01-24,-1.341109
2014-01-25,-8.350335
2014-01-26,-5.3067927
2014-01-27,-7.395804
2014-01-28,-9.797673
2014-01-29,-11.049944
2014-01-30,-10.345747
2014-01-31,-6.277532
2014-02-01,-5.9306517
2014-02-02,-9.083315
2014-02-03,-15.41223
2014-02-04,-11.136871
2014-02-05,-7.8743687
2014-02-06,-7.9693975
2014-02-07,-6.834708
2014-02-08,-9.625734
2014-02-09,-10.0200815
2014-02-10,-9.393322
2014-02-11,-10.868435
2014-02-12,-9.834952
2014-02-13,-7.419522
2014-02-14,-9.245886
2014-02-15,-8.275811
2014-02-16,-8.129681
2014-02-17,-7.098219
2014-02-18,-6.798605
2014-02-19,-7.2861443
2014-02-20,-2.9343884
2014-02-21,-5.1812963
2014-02-22,0.10874915
2014-02-23,1.044225
2014-02-24,10.169196
2014-02-25,6.5142603
2014-02-26,5.957494
2014-02-27,-1.7125516
2014-02-28,-2.066143
2014-03-01,-4.4800415
2014-03-02,-3.0278683
2014-03-03,-2.0529559
2014-03-04,-4.3207836
2014-03-05,-5.2579255
2014-03-06,-4.6860285
2014-03-07,-3.1287348
2014-03-08,-2.227665
2014-03-09,2.338099
2014-03-10,3.506785
2014-03-11,4.52969
2014-03-12,2.007643
2014-03-13,4.02053
2014-03-14,5.3918
2014-03-15,6.6700363
2014-03-16,7.879541
2014-03-17,5.297609
2014-03-18,9.335418
2014-03-19,5.901453
2014-03-20,8.8220005
2014-03-21,12.972233
2014-03-22,16.048826
2014-03-23,17.14284
2014-03-24,20.031542
2014-03-25,19.568562
2014-03-26,16.558443
2014-03-27,17.501415
2014-03-28,15.227199
2014-03-29,17.078684
2014-03-30,13.502542
2014-03-31,16.722437
2014-04-01,11.076394
2014-04-02,7.718524
2014-04-03,6.408564
2014-04-04,5.9098063
2014-04-05,10.699245
2014-04-06,24.523512
2014-04-07,20.798622
2014-04-08,22.096682
2014-04-09,12.819074
2014-04-10,18.563765
2014-04-11,19.718042
2014-04-12,18.6792
2014-04-13,22.71915
2014-04-14,22.580328
2014-04-15,14.862373
2014-04-16,12.290247
2014-04-17,9.755788
2014-04-18,13.41447
2014-04-19,13.4241705
2014-04-20,11.490861
2014-04-21,19.364096
2014-04-22,22.575321
2014-04-23,24.862764
2014-04-24,28.31784
2014-04-25,23.395819
2014-04-26,14.564333
2014-04-27,19.646326
2014-04-28,24.311003
2014-04-29,27.662914
2014-04-30,32.60219
2014-05-01,23.540758
2014-05-02,14.125435
2014-05-03,10.08811
2014-05-04,9.666022
2014-05-05,14.198449
2014-05-06,13.872114
2014-05-07,19.457182
2014-05-08,20.111454
2014-05-09,22.141043
2014-05-10,16.442038
2014-05-11,16.095823
2014-05-12,14.887805
2014-05-13,19.801243
2014-05-14,17.48549
2014-05-15,16.778961
2014-05-16,15.4479065
2014-05-17,21.574085
2014-05-18,16.857643
2014-05-19,15.5930195
2014-05-20,20.26513
2014-05-21,21.880047
2014-05-22,23.860147
2014-05-23,23.181442
2014-05-24,20.231121
2014-05-25,20.281416
2014-05-26,19.323574
2014-05-27,26.118164
2014-05-28,24.5943
2014-05-29,24.304901
2014-05-30,33.10145
2014-05-31,38.323605
2014-06-01,35.67696
2014-06-02,33.556843
2014-06-03,26.107689
2014-06-04,27.75934
2014-06-05,27.026487
2014-06-06,24.723368
2014-06-07,21.362852
2014-06-08,18.872288
2014-06-09,19.926023
2014-06-10,24.498325
2014-06-11,24.065578
2014-06-12,25.72036
2014-06-13,29.012445
2014-06-14,29.634405
2014-06-15,29.389004
2014-06-16,29.28028
2014-06-17,25.359528
2014-06-18,23.398039
2014-06-19,26.983536
2014-06-20,26.318892
2014-06-21,26.789726
2014-06-22,29.167503
2014-06-23,31.821075
2014-06-24,32.507217
2014-06-25,29.643316
2014-06-26,22.847597
2014-06-27,27.69705
2014-06-28,30.992722
2014-06-29,34.182823
2014-06-30,32.87798
2014-07-01,34.01671
2014-07-02,30.317265
2014-07-03,26.128288
2014-07-04,26.934586
2014-07-05,32.04191
2014-07-06,29.347147
2014-07-07,27.131968
2014-07-08,22.44476
2014-07-09,24.72768
2014-07-10,24.03182
2014-07-11,24.64643
2014-07-12,27.198133
2014-07-13,24.549671
2014-07-14,28.246592
2014-07-15,24.647131
2014-07-16,23.705956
2014-07-17,26.311512
2014-07-18,28.63917
2014-07-19,27.341616
2014-07-20,30.556593
2014-07-21,27.191168
2014-07-22,29.518179
2014-07-23,25.16287
2014-07-24,26.192717
2014-07-25,28.211311
2014-07-26,28.056536
2014-07-27,29.375221
2014-07-28,33.298016
2014-07-29,28.606647
2014-07-30,28.778927
2014-07-31,33.404736
2014-08-01,32.27755
2014-08-02,27.337612
2014-08-03,28.782667
2014-08-04,26.727863
2014-08-05,26.039276
2014-08-06,25.378763
2014-08-07,29.070404
2014-08-08,28.511065
2014-08-09,25.535147
2014-08-10,23.28489
2014-08-11,26.141047
2014-08-12,25.588764
2014-08-13,25.411335
2014-08-14,23.110836
2014-08-15,18.294842
2014-08-16,22.546755
2014-08-17,25.871765
2014-08-18,27.3171
2014-08-19,28.419153
2014-08-20,27.53903
2014-08-21,28.801357
2014-08-22,28.3689
2014-08-23,27.4387
2014-08-24,24.823095
2014-08-25,19.751434
2014-08-26,24.189728
2014-08-27,28.427332
2014-08-28,31.031725
2014-08-29,30.05977
2014-08-30,30.523888
2014-08-31,30.476126
2014-09-01,18.732649
2014-09-02,18.51589
2014-09-03,22.67176
2014-09-04,18.877941
2014-09-05,26.670553
2014-09-06,28.682264
2014-09-07,23.393635
2014-09-08,21.541327
2014-09-09,24.228437
2014-09-10,22.842358
2014-09-11,23.415949
2014-09-12,25.505318
2014-09-13,22.948877
2014-09-14,19.22505
2014-09-15,16.93629
2014-09-16,23.087513
2014-09-17,25.352865
2014-09-18,24.512196
2014-09-19,24.136034
2014-09-20,21.679829
2014-09-21,24.113665
2014-09-22,23.281958
2014-09-23,17.618067
2014-09-24,20.100779
2014-09-25,20.85848
2014-09-26,11.37432
2014-09-27,18.314247
2014-09-28,16.362988
2014-09-29,9.867358
2014-09-30,13.9292555
2014-10-01,14.5127735
2014-10-02,15.279745
2014-10-03,15.279025
2014-10-04,14.688156
2014-10-05,15.170105
2014-10-06,16.688066
2014-10-07,18.541178
2014-10-08,13.518955
2014-10-09,15.069638
2014-10-10,10.231213
2014-10-11,12.454103
2014-10-12,8.978529
2014-10-13,10.075615
2014-10-14,17.363092
2014-10-15,13.683691
2014-10-16,11.854696
2014-10-17,15.640274
2014-10-18,22.24645
2014-10-19,22.676529
2014-10-20,9.042706
2014-10-21,5.1189637
2014-10-22,13.621057
2014-10-23,16.80875
2014-10-24,12.506128
2014-10-25,10.126541
2014-10-26,6.8061438
2014-10-27,7.507347
2014-10-28,10.937079
2014-10-29,14.8326435
2014-10-30,7.0913305
2014-10-31,2.5773158
2014-11-01,5.194265
2014-11-02,3.8442283
2014-11-03,8.598085
2014-11-04,11.494122
2014-11-05,7.6534986
2014-11-06,2.6392343
2014-11-07,6.014204
2014-11-08,8.902299
2014-11-09,13.691385
2014-11-10,11.850228
2014-11-11,4.2537127
2014-11-12,-2.2888045
2014-11-13,1.2597347
2014-11-14,3.50635
2014-11-15,4.1264567
2014-11-16,0.63154054
2014-11-17,3.7949438
2014-11-18,3.2809355
2014-11-19,6.9788795
2014-11-20,-1.4670112
2014-11-21,-0.45850092
2014-11-22,1.5351897
2014-11-23,1.1463811
2014-11-24,2.31955
2014-11-25,0.5836066
2014-11-26,9.828584
2014-11-27,-2.7150455
2014-11-28,-0.94051707
2014-11-29,-0.33449405
2014-11-30,-4.7044706
2014-12-01,-9.363425
2014-12-02,-10.16401
2014-12-03,-12.592543
2014-12-04,-10.0170765
2014-12-05,-8.508538
2014-12-06,-7.9573956
2014-12-07,-9.203623
2014-12-08,-4.286672
2014-12-09,-7.018235
2014-12-10,-9.468161
2014-12-11,-8.527427
2014-12-12,-11.04177
2014-12-13,-11.371763
2014-12-14,-12.954277
2014-12-15,-9.00859
2014-12-16,-14.173593
2014-12-17,-14.163109
2014-12-18,-15.4999
2014-12-19,-7.37995
2014-12-20,-11.591215
2014-12-21,-9.154476
2014-12-22,-7.2588773
2014-12-23,-2.6037326
2014-12-24,-5.4225903
2014-12-25,-4.2343664
2014-12-26,-1.1921029
2014-12-27,-3.2906375
2014-12-28,-4.385377
2014-12-29,-10.437723
2014-12-30,-6.847042
2014-12-31,-10.324129
2015-01-01,-9.506831
2015-01-02,-6.259016
2015-01-03,-1.1763276
2015-01-04,-3.082881
2015-01-05,-6.8602614
2015-01-06,-7.75506
2015-01-07,-4.37526
2015-01-08,-5.189053
2015-01-09,-1.6422738
2015-01-10,-5.031672
2015-01-11,-4.0505652
2015-01-12,-3.5571952
2015-01-13,-0.43754536
2015-01-14,-3.850018
2015-01-15,-9.4477625
2015-01-16,-2.5207906
2015-01-17,-5.445916
2015-01-18,-8.905148
2015-01-19,-9.234514
2015-01-20,-6.31955
2015-01-21,-1.6160469
2015-01-22,-2.8854377
2015-01-23,-5.492468
2015-01-24,-1.6920152
2015-01-25,0.52959394
2015-01-26,-6.391237
2015-01-27,-7.2072043
2015-01-28,-5.4146256
2015-01-29,-4.8490515
2015-01-30,-8.049532
2015-01-31,-2.3768785
2015-02-01,1.5096571
2015-02-02,-0.46351594
2015-02-03,-2.8441613
2015-02-04,-2.3530605
2015-02-05,0.84619737
2015-02-06,1.832384
2015-02-07,-7.679887
2015-02-08,-7.3947067
2015-02-09,-2.9190965
2015-02-10,-0.94946885
2015-02-11,-2.8203824
2015-02-12,0.6796293
2015-02-13,1.5161378
2015-02-14,0.70267403
2015-02-15,-0.50401247
2015-02-16,-1.3883283
2015-02-17,4.4231367
2015-02-18,2.5255334
2015-02-19,4.80842
2015-02-20,7.160573
2015-02-21,0.5322119
2015-02-22,-2.1612043
2015-02-23,-3.7704606
2015-02-24,-4.720191
2015-02-25,-5.476186
2015-02-26,-4.676524
2015-02-27,2.052055
2015-02-28,-2.599931
2015-03-01,0.61270195
2015-03-02,1.9034356
2015-03-03,-3.9038763
2015-03-04,-1.4031848
2015-03-05,1.8406137
2015-03-06,5.287942
2015-03-07,1.1551582
2015-03-08,-0.8870393
2015-03-09,-4.6413918
2015-03-10,-1.2504122
2015-03-11,-0.18015102
2015-03-12,-1.3956723
2015-03-13,4.5631166
2015-03-14,6.153323
2015-03-15,10.097495
2015-03-16,7.6730733
2015-03-17,8.805021
2015-03-18,12.758343
2015-03-19,11.856423
2015-03-20,11.344576
2015-03-21,8.465797
2015-03-22,1.7215567
2015-03-23,5.229475
2015-03-24,13.238976
2015-03-25,21.846554
2015-03-26,24.933643
2015-03-27,20.351336
2015-03-28,16.265863
2015-03-29,18.103596
2015-03-30,14.804171
2015-03-31,9.923346
2015-04-01,16.881691
2015-04-02,9.361637
2015-04-03,7.492464
2015-04-04,1.4186571
2015-04-05,-0.20843475
2015-04-06,-0.19231889
2015-04-07,3.4963112
2015-04-08,7.846022
2015-04-09,9.20694
2015-04-10,9.359277
2015-04-11,7.3990293
2015-04-12,8.068255
2015-04-13,17.64452
2015-04-14,20.552448
2015-04-15,25.076138
2015-04-16,10.874265
2015-04-17,14.885427
2015-04-18,15.775966
2015-04-19,11.828063
2015-04-20,13.523225
2015-04-21,15.076119
2015-04-22,24.563698
2015-04-23,17.0046
2015-04-24,18.559792
2015-04-25,28.814228
2015-04-26,33.289616
2015-04-27,24.345346
2015-04-28,24.299269
2015-04-29,31.202757
2015-04-30,25.387669
2015-05-01,20.083973
2015-05-02,22.969675
2015-05-03,19.180075
2015-05-04,19.0658
2015-05-05,14.145584
2015-05-06,15.04616
2015-05-07,9.250753
2015-05-08,12.026302
2015-05-09,14.088328
2015-05-10,18.795734
2015-05-11,10.144631
2015-05-12,9.76382
2015-05-13,20.45204
2015-05-14,18.664227
2015-05-15,19.006628
2015-05-16,23.900507
2015-05-17,20.316113
2015-05-18,14.695027
2015-05-19,16.898058
2015-05-20,25.530584
2015-05-21,26.954292
2015-05-22,29.213224
2015-05-23,33.52197
2015-05-24,35.55253
2015-05-25,24.020346
2015-05-26,22.198557
2015-05-27,26.691666
2015-05-28,24.343966
2015-05-29,19.36602
2015-05-30,24.108957
2015-05-31,24.067055
2015-06-01,22.870298
2015-06-02,20.34144
2015-06-03,27.269072
2015-06-04,27.959131
2015-06-05,16.49119
2015-06-06,21.46197
2015-06-07,21.688622
2015-06-08,23.544125
2015-06-09,23.67879
2015-06-10,23.892244
2015-06-11,17.381342
2015-06-12,18.20976
2015-06-13,24.877474
2015-06-14,30.436098
2015-06-15,32.01131
2015-06-16,33.080223
2015-06-17,22.138506
2015-06-18,19.995182
2015-06-19,25.917112
2015-06-20,29.96092
2015-06-21,32.596695
2015-06-22,32.29812
2015-06-23,29.279854
2015-06-24,29.816454
2015-06-25,28.985926
2015-06-26,28.779345
2015-06-27,29.348389
2015-06-28,25.959885
2015-06-29,24.729496
2015-06-30,23.902967
2015-07-01,20.981579
2015-07-02,18.408907
2015-07-03,24.296892
2015-07-04,26.431885
2015-07-05,28.515825
2015-07-06,30.405706
2015-07-07,32.576565
2015-07-08,30.43158
2015-07-09,32.318085
2015-07-10,33.079227
2015-07-11,30.124975
2015-07-12,32.99061
2015-07-13,34.220016
2015-07-14,29.761812
2015-07-15,24.75476
2015-07-16,25.714375
2015-07-17,28.833769
2015-07-18,31.059126
2015-07-19,31.099186
2015-07-20,26.557138
2015-07-21,27.993004
2015-07-22,27.518372
2015-07-23,27.565016
2015-07-24,28.911226
2015-07-25,28.003935
2015-07-26,26.500753
2015-07-27,28.463284
2015-07-28,31.531313
2015-07-29,25.19158
2015-07-30,29.573132
2015-07-31,30.32632
2015-08-01,29.468233
2015-08-02,28.989222
2015-08-03,28.715216
2015-08-04,29.979485
2015-08-05,30.10782
2015-08-06,27.397621
2015-08-07,29.194502
2015-08-08,28.582207
2015-08-09,25.022575
2015-08-10,29.302692
2015-08-11,28.999155
2015-08-12,32.35598
2015-08-13,32.9675
2015-08-14,28.052425
2015-08-15,24.083456
2015-08-16,24.63865
2015-08-17,27.406874
2015-08-18,27.212433
2015-08-19,27.347076
2015-08-20,20.842892
2015-08-21,23.275562
2015-08-22,24.437574
2015-08-23,24.53753
2015-08-24,22.656908
2015-08-25,23.57025
2015-08-26,26.964884
2015-08-27,28.572794
2015-08-28,22.29047
2015-08-29,22.10786
2015-08-30,22.352531
2015-08-31,21.851347
2015-09-01,25.524515
2015-09-02,24.416985
2015-09-03,24.622765
2015-09-04,21.315825
2015-09-05,22.265648
2015-09-06,26.267141
2015-09-07,19.888939
2015-09-08,21.653234
2015-09-09,22.089352
2015-09-10,21.517805
2015-09-11,18.042152
2015-09-12,18.614777
2015-09-13,24.739943
2015-09-14,31.09499
2015-09-15,28.749092
2015-09-16,27.011898
2015-09-17,23.222795
2015-09-18,19.353052
2015-09-19,23.204258
2015-09-20,22.89413
2015-09-21,21.599586
2015-09-22,14.950811
2015-09-23,10.931046
2015-09-24,11.734697
2015-09-25,16.433182
2015-09-26,16.939379
2015-09-27,16.477697
2015-09-28,17.454485
2015-09-29,19.155672
2015-09-30,18.177801
2015-10-01,13.390322
2015-10-02,9.592489
2015-10-03,14.61527
2015-10-04,19.658388
2015-10-05,23.513666
2015-10-06,26.029482
2015-10-07,24.185038
2015-10-08,17.446674
2015-10-09,9.6337185
2015-10-10,7.7153687
2015-10-11,14.183355
2015-10-12,17.609688
2015-10-13,15.539191
2015-10-14,18.73832
2015-10-15,23.087927
2015-10-16,25.54512
2015-10-17,16.842861
2015-10-18,9.498429
2015-10-19,13.076674
2015-10-20,10.341032
2015-10-21,13.794315
2015-10-22,18.589838
2015-10-23,18.133892
2015-10-24,10.789145
2015-10-25,9.362315
2015-10-26,8.463322
2015-10-27,3.286753
2015-10-28,3.2631092
2015-10-29,2.2825468
2015-10-30,5.2905583
2015-10-31,13.432723
2015-11-01,17.848923
2015-11-02,14.915586
2015-11-03,18.043879
2015-11-04,13.070647
2015-11-05,3.291241
2015-11-06,3.7199125
2015-11-07,-0.99855924
2015-11-08,-1.15023
2015-11-09,1.9444022
2015-11-10,1.2472665
2015-11-11,3.3560321
2015-11-12,4.7578735
2015-11-13,6.6974783
2015-11-14,8.507366
2015-11-15,2.0360997
2015-11-16,-6.615795
2015-11-17,-4.7271376
2015-11-18,-9.184466
2015-11-19,-7.8277664
2015-11-20,-7.1825104
2015-11-21,-7.230918
2015-11-22,-8.443814
2015-11-23,-10.049959
2015-11-24,-9.253375
2015-11-25,-11.297425
2015-11-26,-9.976953
2015-11-27,-11.511796
2015-11-28,-8.753326
2015-11-29,-5.504255
2015-11-30,-5.3879504
2015-12-01,-9.962756
2015-12-02,-8.331125
2015-12-03,-5.504171
2015-12-04,-3.515786
2015-12-05,-4.4768896
2015-12-06,-7.0794797
2015-12-07,-8.791349
2015-12-08,-2.0173285
2015-12-09,-1.7249811
2015-12-10,-2.7169647
2015-12-11,-5.260988
2015-12-12,-4.4976277
2015-12-13,-4.091371
2015-12-14,-8.438295
2015-12-15,-7.351082
2015-12-16,-6.5463095
2015-12-17,-3.4747114
2015-12-18,-4.21175
2015-12-19,-0.5450177
2015-12-20,-5.1682343
2015-12-21,-4.9213285
2015-12-22,-10.110446
2015-12-23,-8.330013
2015-12-24,-10.100912
2015-12-25,-14.7948065
2015-12-26,-15.966758
2015-12-27,-11.465682
2015-12-28,-6.938632
2015-12-29,-6.102602
2015-12-30,-3.5780437
2015-12-31,-4.17277
2016-01-01,-2.9108791
2016-01-02,-8.829189
2016-01-03,-8.317574
2016-01-04,-10.885421
2016-01-05,-9.635853
2016-01-06,-7.490526
2016-01-07,-7.1777277
2016-01-08,-7.8277745
2016-01-09,-8.679743
2016-01-10,-10.280739
2016-01-11,-9.907335
2016-01-12,-9.975081
2016-01-13,-8.274647
2016-01-14,-11.6550865
2016-01-15,-15.418739
2016-01-16,-15.574693
2016-01-17,-16.93547
2016-01-18,-17.614939
2016-01-19,-16.191574
2016-01-20,-13.7095375
2016-01-21,-15.147244
2016-01-22,-18.670446
2016-01-23,-17.091257
2016-01-24,-8.267343
2016-01-25,-6.5581617
2016-01-26,-11.061594
2016-01-27,-9.954103
2016-01-28,-11.193681
2016-01-29,-13.329158
2016-01-30,-12.831711
2016-01-31,-9.203108
2016-02-01,-3.4717202
2016-02-02,-1.1708894
2016-02-03,-4.654358
2016-02-04,-4.8269634
2016-02-05,-3.2940955
2016-02-06,-2.3732147
2016-02-07,-3.895266
2016-02-08,-2.3302915
2016-02-09,2.6332011
2016-02-10,0.81641716
2016-02-11,-2.9092736
2016-02-12,1.3179246
2016-02-13,-5.0458555
2016-02-14,-8.242899
2016-02-15,-2.2234755
2016-02-16,-1.9612131
2016-02-17,1.5850966
2016-02-18,-2.3400407
2016-02-19,-4.6604724
2016-02-20,-8.768494
2016-02-21,-6.170329
2016-02-22,-7.83035
2016-02-23,-5.9970145
2016-02-24,-5.7592297
2016-02-25,-4.57996
2016-02-26,-5.604999
2016-02-27,-4.8501225
2016-02-28,-4.594746
2016-02-29,-5.5476027
2016-03-01,3.26435
2016-03-02,2.181174
2016-03-03,1.5142
2016-03-04,-1.0911272
2016-03-05,0.17519301
2016-03-06,-1.4366133
2016-03-07,-1.2897701
2016-03-08,-3.5689251
2016-03-09,-4.012577
2016-03-10,-2.9703305
2016-03-11,0.094218016
2016-03-12,3.3537488
2016-03-13,0.41619623
2016-03-14,6.677704
2016-03-15,14.7932
2016-03-16,16.361013
2016-03-17,15.600536
2016-03-18,10.0157795
2016-03-19,9.266834
2016-03-20,15.386607
2016-03-21,10.983778
2016-03-22,7.4303994
2016-03-23,6.957079
2016-03-24,8.128149
2016-03-25,15.292094
2016-03-26,14.761111
2016-03-27,14.138707
2016-03-28,14.213405
2016-03-29,7.2641134
2016-03-30,11.234308
2016-03-31,14.547739
2016-04-01,9.764538
2016-04-02,6.2218943
2016-04-03,9.094462
2016-04-04,12.774445
2016-04-05,15.678938
2016-04-06,18.768105
2016-04-07,11.468709
2016-04-08,6.543813
2016-04-09,5.5401936
2016-04-10,8.851894
2016-04-11,7.349936
2016-04-12,13.885439
2016-04-13,8.667477
2016-04-14,15.56256
2016-04-15,12.6260805
2016-04-16,8.493359
2016-04-17,12.035877
2016-04-18,13.656989
2016-04-19,19.311651
2016-04-20,19.25825
2016-04-21,16.16959
2016-04-22,11.210761
2016-04-23,12.651274
2016-04-24,14.648707
2016-04-25,13.56886
2016-04-26,13.875757
2016-04-27,15.43416
2016-04-28,19.946522
2016-04-29,15.599218
2016-04-30,19.266685
2016-05-01,18.857328
2016-05-02,18.842773
2016-05-03,17.879725
2016-05-04,23.092869
2016-05-05,19.477697
2016-05-06,14.585466
2016-05-07,19.095217
2016-05-08,23.283552
2016-05-09,23.725193
2016-05-10,25.389692
2016-05-11,20.620064
2016-05-12,16.842365
2016-05-13,19.998936
2016-05-14,21.33063
2016-05-15,18.153605
2016-05-16,26.059404
2016-05-17,31.938576
2016-05-18,36.06882
2016-05-19,36.38312
2016-05-20,33.393135
2016-05-21,24.066708
2016-05-22,21.624699
2016-05-23,21.990574
2016-05-24,15.877876
2016-05-25,20.417154
2016-05-26,15.969771
2016-05-27,26.766584
2016-05-28,30.319359
2016-05-29,18.516354
2016-05-30,18.339949
2016-05-31,24.910192
2016-06-01,29.842636
2016-06-02,30.004175
2016-06-03,32.519848
2016-06-04,28.117859
2016-06-05,32.05524
2016-06-06,22.772797
2016-06-07,23.952454
2016-06-08,25.718664
2016-06-09,24.095106
2016-06-10,17.113718
2016-06-11,23.360495
2016-06-12,21.581469
2016-06-13,23.453737
2016-06-14,25.004202
2016-06-15,27.404047
2016-06-16,26.557804
2016-06-17,22.167744
2016-06-18,20.799381
2016-06-19,25.777674
2016-06-20,29.895552
2016-06-21,29.00061
2016-06-22,23.57034
2016-06-23,20.70568
2016-06-24,27.51775
2016-06-25,27.66329
2016-06-26,31.337639
2016-06-27,30.641218
2016-06-28,27.189165
2016-06-29,22.910944
2016-06-30,22.241924
2016-07-01,28.48803
2016-07-02,31.196491
2016-07-03,32.879826
2016-07-04,34.049923
2016-07-05,33.613163
2016-07-06,36.289646
2016-07-07,38.713165
2016-07-08,34.270615
2016-07-09,32.689377
2016-07-10,37.87824
2016-07-11,35.971027
2016-07-12,31.459963
2016-07-13,29.710472
2016-07-14,26.15686
2016-07-15,27.414774
2016-07-16,28.069996
2016-07-17,30.09679
2016-07-18,33.562084
2016-07-19,33.088715
2016-07-20,29.782364
2016-07-21,30.120275
2016-07-22,23.42797
2016-07-23,30.633139
2016-07-24,29.069336
2016-07-25,25.222607
2016-07-26,31.951464
2016-07-27,30.16097
2016-07-28,28.168653
2016-07-29,33.84604
2016-07-30,33.67382
2016-07-31,30.048637
2016-08-01,33.77355
2016-08-02,37.651222
2016-08-03,37.396503
2016-08-04,37.275257
2016-08-05,31.117203
2016-08-06,22.760921
2016-08-07,28.655542
2016-08-08,29.038563
2016-08-09,28.097004
2016-08-10,32.6898
2016-08-11,37.489216
2016-08-12,31.865719
2016-08-13,30.295322
2016-08-14,28.855246
2016-08-15,29.148857
2016-08-16,29.184433
2016-08-17,30.219357
2016-08-18,28.82823
2016-08-19,28.933146
2016-08-20,27.407158
2016-08-21,27.701458
2016-08-22,29.678562
2016-08-23,23.095516
2016-08-24,26.087688
2016-08-25,24.964054
2016-08-26,27.436722
2016-08-27,28.89978
2016-08-28,28.64105
2016-08-29,23.624563
2016-08-30,22.434208
2016-08-31,18.16763
2016-09-01,19.603882
2016-09-02,23.834389
2016-09-03,24.142138
2016-09-04,21.06358
2016-09-05,22.424349
2016-09-06,25.189304
2016-09-07,27.741587
2016-09-08,19.932192
2016-09-09,18.320023
2016-09-10,16.680037
2016-09-11,21.245903
2016-09-12,20.91476
2016-09-13,22.714363
2016-09-14,19.696766
2016-09-15,21.45289
2016-09-16,19.542654
2016-09-17,19.902527
2016-09-18,20.918716
2016-09-19,23.935678
2016-09-20,24.623877
2016-09-21,26.077606
2016-09-22,26.174648
2016-09-23,24.198528
2016-09-24,20.636398
2016-09-25,18.910961
2016-09-26,14.326854
2016-09-27,11.038414
2016-09-28,17.005737
2016-09-29,16.464413
2016-09-30,22.202719
2016-10-01,23.673212
2016-10-02,16.774612
2016-10-03,15.102432
2016-10-04,8.110439
2016-10-05,12.858414
2016-10-06,13.177672
2016-10-07,5.4247193
2016-10-08,8.103575
2016-10-09,7.8606615
2016-10-10,8.597536
2016-10-11,9.308913
2016-10-12,11.778137
2016-10-13,17.100431
2016-10-14,19.533398
2016-10-15,25.814161
2016-10-16,21.56933
2016-10-17,10.270464
2016-10-18,13.20043
2016-10-19,5.3581448
2016-10-20,5.6563883
2016-10-21,0.88408846
2016-10-22,8.845129
2016-10-23,10.025704
2016-10-24,6.651379
2016-10-25,6.032886
2016-10-26,1.7315913
2016-10-27,5.2343636
2016-10-28,3.369767
2016-10-29,0.06990147
2016-10-30,-1.2984552
2016-10-31,-0.86116505
2016-11-01,2.1062055
2016-11-02,3.2568362
2016-11-03,-2.5303712
2016-11-04,1.9245272
2016-11-05,0.6654657
2016-11-06,-5.407599
2016-11-07,-3.1465805
2016-11-08,-3.9906363
2016-11-09,-3.9199226
2016-11-10,-8.050406
2016-11-11,-4.886077
2016-11-12,-4.1804633
2016-11-13,-5.4971943
2016-11-14,-2.6467187
2016-11-15,-5.0754895
2016-11-16,-4.5330095
2016-11-17,-4.7759647
2016-11-18,-2.7699585
2016-11-19,-6.6503863
2016-11-20,-11.771891
2016-11-21,-11.47415
2016-11-22,-9.89594
2016-11-23,-8.546938
2016-11-24,-7.8827705
2016-11-25,-5.7850494
2016-11-26,-9.378865
2016-11-27,-5.802295
2016-11-28,-1.0617032
2016-11-29,-5.9035063
2016-11-30,-1.3400143
2016-12-01,-3.6409864
2016-12-02,3.2133183
2016-12-03,4.1562405
2016-12-04,-1.3733277
2016-12-05,-8.30185
2016-12-06,-12.068252
2016-12-07,-7.2378097
2016-12-08,-7.862956
2016-12-09,-4.558006
2016-12-10,-4.317798
2016-12-11,-8.490473
2016-12-12,-5.15828
2016-12-13,-8.098707
2016-12-14,-10.084381
2016-12-15,-8.96585
2016-12-16,-2.2050748
2016-12-17,0.5194057
2016-12-18,-1.8424298
2016-12-19,-1.5528452
2016-12-20,-2.9395225
2016-12-21,-8.442913
2016-12-22,-8.295708
2016-12-23,-6.4937363
2016-12-24,-5.6175776
2016-12-25,-4.4730554
2016-12-26,-10.743169
2016-12-27,-9.497896
2016-12-28,-10.605791
2016-12-29,-8.236536
2016-12-30,-3.1973586
2016-12-31,-4.4575896
2017-01-01,-3.6595867
2017-01-02,-4.3199162
2017-01-03,-3.711522
2017-01-04,-1.8780074
2017-01-05,-3.3918278
2017-01-06,-0.5246501
2017-01-07,-1.3364544
2017-01-08,-2.726827
2017-01-09,-6.6507196
2017-01-10,-13.660728
2017-01-11,-11.8437195
2017-01-12,-12.094924
2017-01-13,-11.213586
2017-01-14,-8.15413
2017-01-15,-6.053124
2017-01-16,-7.5368657
2017-01-17,-10.580713
2017-01-18,-11.493519
2017-01-19,-11.2646885
2017-01-20,-10.402962
2017-01-21,-13.14937
2017-01-22,-11.291129
2017-01-23,-7.9899173
2017-01-24,-5.472669
2017-01-25,-3.0712333
2017-01-26,-3.7260861
2017-01-27,-4.1037345
2017-01-28,-4.520895
2017-01-29,-5.7472496
2017-01-30,-6.257202
2017-01-31,-5.2471943
2017-02-01,-1.6939414
2017-02-02,3.8808107
2017-02-03,3.9165845
2017-02-04,0.7768372
2017-02-05,-5.274189
2017-02-06,0.26263595
2017-02-07,-1.8698742
2017-02-08,-5.917093
2017-02-09,-8.267102
2017-02-10,-3.5806973
2017-02-11,-1.7811611
2017-02-12,-2.3079557
2017-02-13,-0.21391433
2017-02-14,0.2157923
2017-02-15,1.203414
2017-02-16,-2.9489992
2017-02-17,-6.0855937
2017-02-18,-8.155084
2017-02-19,-10.732326
2017-02-20,-3.832799
2017-02-21,-0.86896557
2017-02-22,-1.1401922
2017-02-23,-2.8218274
2017-02-24,1.2721379
2017-02-25,3.5027688
2017-02-26,5.221505
2017-02-27,7.9368424
2017-02-28,1.7280636
2017-03-01,-4.250153
2017-03-02,1.9786597
2017-03-03,2.235484
2017-03-04,-4.2690015
2017-03-05,-2.3766532
2017-03-06,-3.0345733
2017-03-07,1.556731
2017-03-08,6.113772
2017-03-09,6.2474613
2017-03-10,10.059661
2017-03-11,7.6846137
2017-03-12,6.9320645
2017-03-13,8.206427
2017-03-14,9.37369
2017-03-15,13.835916
2017-03-16,14.221451
2017-03-17,10.350089
2017-03-18,10.664045
2017-03-19,7.0178957
2017-03-20,8.386771
2017-03-21,10.449755
2017-03-22,8.352491
2017-03-23,9.548284
2017-03-24,11.008715
2017-03-25,10.074183
2017-03-26,9.295563
2017-03-27,10.424062
2017-03-28,13.502696
2017-03-29,7.5469484
2017-03-30,11.701068
2017-03-31,13.631168
2017-04-01,17.745071
2017-04-02,21.62803
2017-04-03,23.392685
2017-04-04,27.966661
2017-04-05,20.22223
2017-04-06,17.863209
2017-04-07,13.985061
2017-04-08,10.806397
2017-04-09,19.367397
2017-04-10,20.27482
2017-04-11,7.735553
2017-04-12,9.129612
2017-04-13,22.608566
2017-04-14,22.097992
2017-04-15,19.337238
2017-04-16,16.407808
2017-04-17,14.255457
2017-04-18,11.415214
2017-04-19,15.981993
2017-04-20,14.778869
2017-04-21,20.391754
2017-04-22,13.359779
2017-04-23,12.855523
2017-04-24,11.096364
2017-04-25,13.453029
2017-04-26,15.550399
2017-04-27,20.309702
2017-04-28,21.833168
2017-04-29,25.07237
2017-04-30,20.575077
2017-05-01,27.719288
2017-05-02,32.51913
2017-05-03,28.37855
2017-05-04,20.7986
2017-05-05,13.149754
2017-05-06,10.943094
2017-05-07,24.437925
2017-05-08,27.825317
2017-05-09,33.223305
2017-05-10,25.889137
2017-05-11,17.118038
2017-05-12,14.603454
2017-05-13,16.148275
2017-05-14,16.631273
2017-05-15,25.051725
2017-05-16,27.825798
2017-05-17,32.808685
2017-05-18,40.64917
2017-05-19,31.620968
2017-05-20,20.822958
2017-05-21,12.9522085
2017-05-22,16.399698
2017-05-23,22.575193
2017-05-24,19.390102
2017-05-25,21.224049
2017-05-26,26.49935
2017-05-27,27.802412
2017-05-28,22.877363
2017-05-29,25.510145
2017-05-30,21.917612
2017-05-31,21.361769
2017-06-01,18.030624
2017-06-02,19.615257
2017-06-03,21.937925
2017-06-04,25.936312
2017-06-05,30.052889
2017-06-06,26.749718
2017-06-07,25.072697
2017-06-08,22.785799
2017-06-09,20.2505
2017-06-10,25.328493
2017-06-11,21.936684
2017-06-12,26.109306
2017-06-13,33.860126
2017-06-14,37.65929
2017-06-15,32.885616
2017-06-16,30.204638
2017-06-17,31.253735
2017-06-18,29.223234
2017-06-19,27.71002
2017-06-20,22.216606
2017-06-21,21.797577
2017-06-22,29.41716
2017-06-23,30.724
2017-06-24,33.319443
2017-06-25,33.092117
2017-06-26,33.114494
2017-06-27,36.011703
2017-06-28,35.82782
2017-06-29,37.340885
2017-06-30,32.55038
2017-07-01,31.932657
2017-07-02,28.344913
2017-07-03,32.223835
2017-07-04,33.84382
2017-07-05,33.408825
2017-07-06,33.1764
2017-07-07,30.58105
2017-07-08,26.829765
2017-07-09,30.113668
2017-07-10,25.699932
2017-07-11,30.947502
2017-07-12,34.956226
2017-07-13,33.962696
2017-07-14,32.914402
2017-07-15,33.23954
2017-07-16,34.61687
2017-07-17,36.58864
2017-07-18,38.828022
2017-07-19,32.995075
2017-07-20,25.835869
2017-07-21,30.499197
2017-07-22,34.378178
2017-07-23,30.568853
2017-07-24,28.420517
2017-07-25,30.266455
2017-07-26,25.594805
2017-07-27,26.66034
2017-07-28,31.21659
2017-07-29,31.253395
2017-07-30,29.865671
2017-07-31,30.186354
2017-08-01,24.93671
2017-08-02,28.429245
2017-08-03,23.78547
2017-08-04,28.379292
2017-08-05,29.228045
2017-08-06,25.603745
2017-08-07,27.649654
2017-08-08,26.986256
2017-08-09,26.901743
2017-08-10,24.871683
2017-08-11,26.002756
2017-08-12,26.219494
2017-08-13,25.585283
2017-08-14,25.619099
2017-08-15,25.8977
2017-08-16,25.676655
2017-08-17,26.670704
2017-08-18,28.154436
2017-08-19,28.905914
2017-08-20,29.053284
2017-08-21,31.44917
2017-08-22,26.389452
2017-08-23,27.61661
2017-08-24,22.933878
2017-08-25,20.105486
2017-08-26,25.694782
2017-08-27,26.620163
2017-08-28,18.410595
2017-08-29,18.625174
2017-08-30,23.843704
2017-08-31,24.651363
2017-09-01,24.910917
2017-09-02,24.247562
2017-09-03,20.75689
2017-09-04,26.171638
2017-09-05,24.06847
2017-09-06,27.763353
2017-09-07,25.239061
2017-09-08,20.582024
2017-09-09,21.629372
2017-09-10,20.515982
2017-09-11,19.263487
2017-09-12,19.782059
2017-09-13,22.94907
2017-09-14,20.536766
2017-09-15,13.69782
2017-09-16,19.715809
2017-09-17,20.392206
2017-09-18,24.370474
2017-09-19,19.4851
2017-09-20,22.842634
2017-09-21,24.930828
2017-09-22,20.977846
2017-09-23,26.135004
2017-09-24,21.079157
2017-09-25,26.314966
2017-09-26,18.71898
2017-09-27,14.161639
2017-09-28,8.802278
2017-09-29,11.042728
2017-09-30,16.008646
2017-10-01,14.012103
2017-10-02,11.927493
2017-10-03,11.640283
2017-10-04,16.05201
2017-10-05,24.893307
2017-10-06,22.613617
2017-10-07,17.802118
2017-10-08,10.381712
2017-10-09,9.791787
2017-10-10,8.122919
2017-10-11,7.533599
2017-10-12,9.288976
2017-10-13,9.606809
2017-10-14,10.3201065
2017-10-15,9.074528
2017-10-16,11.19276
2017-10-17,7.824199
2017-10-18,14.9307995
2017-10-19,14.409291
2017-10-20,19.63601
2017-10-21,8.490656
2017-10-22,9.854708
2017-10-23,15.546436
2017-10-24,20.13622
2017-10-25,16.056492
2017-10-26,18.15686
2017-10-27,13.115032
2017-10-28,10.920271
2017-10-29,6.5846906
2017-10-30,12.163603
2017-10-31,12.210596
2017-11-01,9.262244
2017-11-02,4.138506
2017-11-03,4.5975904
2017-11-04,8.268436
2017-11-05,16.686567
2017-11-06,12.104232
2017-11-07,4.0933046
2017-11-08,3.4269838
2017-11-09,-0.32782006
2017-11-10,2.9801683
2017-11-11,2.0416474
2017-11-12,4.748234
2017-11-13,-1.7641217
2017-11-14,-4.2862654
2017-11-15,-5.331368
2017-11-16,-4.164757
2017-11-17,-6.2596407
2017-11-18,-8.516911
2017-11-19,-5.8995285
2017-11-20,-2.626077
2017-11-21,-0.2340486
2017-11-22,-3.7905118
2017-11-23,-7.6511455
2017-11-24,-9.209123
2017-11-25,-7.6567445
2017-11-26,-5.6236706
2017-11-27,5.182758
2017-11-28,-1.2072492
2017-11-29,-12.561197
2017-11-30,-10.600842
2017-12-01,-7.3083677
2017-12-02,-10.191778
2017-12-03,-10.233361
2017-12-04,-9.731321
2017-12-05,-10.192644
2017-12-06,-7.9025993
2017-12-07,-10.13077
2017-12-08,-2.2292624
2017-12-09,-4.73761
2017-12-10,-8.149267
2017-12-11,-14.570497
2017-12-12,-12.322758
2017-12-13,-9.265896
2017-12-14,-11.35792
2017-12-15,-9.251535
2017-12-16,-10.92349
2017-12-17,-6.847852
2017-12-18,-7.755407
2017-12-19,-10.79377
2017-12-20,-5.2998347
2017-12-21,-1.6602572
2017-12-22,-0.022973895
2017-12-23,-3.708564
2017-12-24,-5.410466
2017-12-25,-9.461434
2017-12-26,-13.02475
2017-12-27,-11.49341
2017-12-28,-8.887066
2017-12-29,-9.8616905
2017-12-30,-8.703898
2017-12-31,-10.434775
2018-01-01,-11.850377
2018-01-02,-9.486183
2018-01-03,-7.2616816
2018-01-04,-5.7654266
2018-01-05,-4.003991
2018-01-06,-1.2555622
2018-01-07,-1.5746424
2018-01-08,-6.0064535
2018-01-09,-11.249145
2018-01-10,-13.852142
2018-01-11,-11.750494
2018-01-12,-5.2053804
2018-01-13,-9.661452
2018-01-14,-5.4240346
2018-01-15,-6.0672064
2018-01-16,-6.6409526
2018-01-17,-8.158845
2018-01-18,-9.935323
2018-01-19,-5.795122
2018-01-20,-13.732414
2018-01-21,-14.933565
2018-01-22,-18.408203
2018-01-23,-21.10587
2018-01-24,-19.030499
2018-01-25,-18.557928
2018-01-26,-12.496221
2018-01-27,-15.823426
2018-01-28,-17.136066
2018-01-29,-9.728365
2018-01-30,-7.6183963
2018-01-31,-7.064719
2018-02-01,-6.950552
2018-02-02,-11.835856
2018-02-03,-10.01831
2018-02-04,-11.615745
2018-02-05,-11.603588
2018-02-06,-11.389059
2018-02-07,-7.618267
2018-02-08,-4.1138387
2018-02-09,-5.287464
2018-02-10,-13.278918
2018-02-11,-12.444329
2018-02-12,-7.677038
2018-02-13,-5.59272
2018-02-14,-4.9941883
2018-02-15,-3.6932042
2018-02-16,-7.676079
2018-02-17,-5.168116
2018-02-18,-3.3515568
2018-02-19,-3.7735934
2018-02-20,-5.4430203
2018-02-21,-3.56103
2018-02-22,-5.8543487
2018-02-23,-6.2451563
2018-02-24,-4.4873223
2018-02-25,-2.2184968
2018-02-26,-6.248469
2018-02-27,-5.2454386
2018-02-28,-9.445966
2018-03-01,-6.7281265
2018-03-02,-2.0997262
2018-03-03,-9.120632
2018-03-04,-6.1061535
2018-03-05,-6.63329
2018-03-06,-7.886093
2018-03-07,-7.1862116
2018-03-08,-6.3454337
2018-03-09,-6.0708675
2018-03-10,-3.3434718
2018-03-11,1.2863026
2018-03-12,10.944881
2018-03-13,6.1140294
2018-03-14,1.2549887
2018-03-15,0.16605163
2018-03-16,7.0163164
2018-03-17,11.662654
2018-03-18,12.620941
2018-03-19,5.9640636
2018-03-20,9.43973
2018-03-21,11.682002
2018-03-22,14.029551
2018-03-23,12.928353
2018-03-24,18.436125
2018-03-25,21.36079
2018-03-26,22.735064
2018-03-27,25.519707
2018-03-28,12.77252
2018-03-29,10.951057
2018-03-30,14.764138
2018-03-31,11.445442
2018-04-01,22.204466
2018-04-02,15.676985
2018-04-03,4.4073095
2018-04-04,5.7965207
2018-04-05,2.1640224
2018-04-06,5.844816
2018-04-07,8.401422
2018-04-08,11.55256
2018-04-09,15.065707
2018-04-10,10.178579
2018-04-11,9.482661
2018-04-12,13.780334
2018-04-13,10.24143
2018-04-14,4.5073714
2018-04-15,14.563662
2018-04-16,24.523323
2018-04-17,24.027561
2018-04-18,18.596243
2018-04-19,21.904057
2018-04-20,22.104618
2018-04-21,14.141494
2018-04-22,15.198474
2018-04-23,18.092854
2018-04-24,24.174297
2018-04-25,25.651318
2018-04-26,20.936153
2018-04-27,28.495213
2018-04-28,24.055357
2018-04-29,18.778563
2018-04-30,15.480069
2018-05-01,16.436682
2018-05-02,16.204058
2018-05-03,20.430264
2018-05-04,23.6337
2018-05-05,18.704752
2018-05-06,18.516869
2018-05-07,19.003092
2018-05-08,20.659847
2018-05-09,23.570435
2018-05-10,24.152018
2018-05-11,26.462927
2018-05-12,23.037552
2018-05-13,22.66269
2018-05-14,29.524096
2018-05-15,26.612864
2018-05-16,22.391645
2018-05-17,21.43593
2018-05-18,26.835659
2018-05-19,28.703093
2018-05-20,26.518536
2018-05-21,26.18565
2018-05-22,21.089169
2018-05-23,19.368753
2018-05-24,25.693478
2018-05-25,23.015106
2018-05-26,25.027437
2018-05-27,18.67787
2018-05-28,15.797505
2018-05-29,19.386568
2018-05-30,29.685368
2018-05-31,32.255337
2018-06-01,35.7756
2018-06-02,37.424973
2018-06-03,30.335918
2018-06-04,24.631542
2018-06-05,24.681316
2018-06-06,24.926651
2018-06-07,26.469131
2018-06-08,28.309416
2018-06-09,27.542156
2018-06-10,26.560034
2018-06-11,27.262947
2018-06-12,24.538614
2018-06-13,25.417816
2018-06-14,25.320522
2018-06-15,23.07274
2018-06-16,27.853004
2018-06-17,28.647041
2018-06-18,22.995804
2018-06-19,25.701893
2018-06-20,23.640514
2018-06-21,29.413374
2018-06-22,31.368584
2018-06-23,27.79094
2018-06-24,25.22376
2018-06-25,24.964712
2018-06-26,28.43142
2018-06-27,22.223969
2018-06-28,28.831694
2018-06-29,29.752457
2018-06-30,31.058495
2018-07-01,33.60489
2018-07-02,31.529531
2018-07-03,29.316538
2018-07-04,26.22913
2018-07-05,25.285994
2018-07-06,22.012407
2018-07-07,20.436083
2018-07-08,28.308167
2018-07-09,26.84746
2018-07-10,28.250526
2018-07-11,26.747013
2018-07-12,30.688885
2018-07-13,28.783323
2018-07-14,30.579615
2018-07-15,31.533737
2018-07-16,27.154594
2018-07-17,30.010244
2018-07-18,30.31758
2018-07-19,33.128235
2018-07-20,29.52041
2018-07-21,30.319271
2018-07-22,33.175503
2018-07-23,32.918076
2018-07-24,27.948696
2018-07-25,23.868723
2018-07-26,27.626291
2018-07-27,29.301838
2018-07-28,30.097103
2018-07-29,32.101017
2018-07-30,28.492872
2018-07-31,31.314241
2018-08-01,28.793898
2018-08-02,30.739492
2018-08-03,35.069126
2018-08-04,24.967073
2018-08-05,25.446907
2018-08-06,22.641394
2018-08-07,24.454948
2018-08-08,29.31532
2018-08-09,30.79119
2018-08-10,28.694635
2018-08-11,21.754272
2018-08-12,21.570988
2018-08-13,19.863075
2018-08-14,22.44082
2018-08-15,26.825338
2018-08-16,25.151337
2018-08-17,23.122715
2018-08-18,28.875837
2018-08-19,30.627048
2018-08-20,29.211077
2018-08-21,27.663464
2018-08-22,27.90927
2018-08-23,28.382557
2018-08-24,25.668808
2018-08-25,18.622635
2018-08-26,24.004236
2018-08-27,26.246914
2018-08-28,19.595024
2018-08-29,25.56958
2018-08-30,21.23617
2018-08-31,26.780527
2018-09-01,25.373148
2018-09-02,20.128586
2018-09-03,20.515139
2018-09-04,20.50558
2018-09-05,22.730629
2018-09-06,21.148382
2018-09-07,18.411537
2018-09-08,17.72658
2018-09-09,17.920017
2018-09-10,23.148445
2018-09-11,25.52385
2018-09-12,24.341784
2018-09-13,25.737888
2018-09-14,21.020578
2018-09-15,20.032568
2018-09-16,21.584343
2018-09-17,24.662172
2018-09-18,23.18272
2018-09-19,24.885479
2018-09-20,25.832386
2018-09-21,18.248703
2018-09-22,15.639451
2018-09-23,13.876262
2018-09-24,17.768715
2018-09-25,19.799913
2018-09-26,21.14117
2018-09-27,21.158285
2018-09-28,17.059502
2018-09-29,11.140783
2018-09-30,12.134774
2018-10-01,19.848349
2018-10-02,22.148762
2018-10-03,23.352173
2018-10-04,24.530737
2018-10-05,22.818718
2018-10-06,15.752796
2018-10-07,9.915357
2018-10-08,9.854497
2018-10-09,10.125087
2018-10-10,10.132805
2018-10-11,15.377034
2018-10-12,19.986675
2018-10-13,20.345602
2018-10-14,13.608898
2018-10-15,12.550916
2018-10-16,11.922068
2018-10-17,11.379717
2018-10-18,16.956354
2018-10-19,17.871315
2018-10-20,19.636889
2018-10-21,18.121864
2018-10-22,17.410337
2018-10-23,12.547289
2018-10-24,11.04348
2018-10-25,9.18904
2018-10-26,7.166794
2018-10-27,5.2554135
2018-10-28,4.4559793
2018-10-29,5.922871
2018-10-30,10.149815
2018-10-31,13.469241
2018-11-01,15.364393
2018-11-02,17.632517
2018-11-03,12.480089
2018-11-04,2.6744363
2018-11-05,5.293816
2018-11-06,6.6546497
2018-11-07,8.092449
2018-11-08,7.460082
2018-11-09,7.464125
2018-11-10,6.5975103
2018-11-11,4.957198
2018-11-12,4.6509447
2018-11-13,5.210948
2018-11-14,3.5915723
2018-11-15,1.0105984
2018-11-16,0.8148908
2018-11-17,0.16867828
2018-11-18,-0.41707706
2018-11-19,-2.5387573
2018-11-20,-5.3255014
2018-11-21,-3.8310843
2018-11-22,-7.120574
2018-11-23,1.8013773
2018-11-24,2.9989338
2018-11-25,4.250879
2018-11-26,9.077123
2018-11-27,-2.5461593
2018-11-28,-5.096254
2018-11-29,-4.907996
2018-11-30,-2.4785266
2018-12-01,1.2555218
2018-12-02,10.245898
2018-12-03,5.5439215
2018-12-04,-10.694839
2018-12-05,-10.475064
2018-12-06,-13.970269
2018-12-07,-16.581724
2018-12-08,-12.294262
2018-12-09,-9.880991
2018-12-10,-10.919281
2018-12-11,-11.342592
2018-12-12,-10.894609
2018-12-13,-8.376151
2018-12-14,-8.021214
2018-12-15,-2.6197495
2018-12-16,-2.6826456
2018-12-17,-2.2683823
2018-12-18,-2.2827697
2018-12-19,-1.0838795
2018-12-20,-2.4302597
2018-12-21,-0.6400448
2018-12-22,-4.996246
2018-12-23,-9.498482
2018-12-24,-7.6776085
2018-12-25,-11.769028
2018-12-26,-17.174446
2018-12-27,-13.037426
2018-12-28,-12.036857
2018-12-29,-9.907997
2018-12-30,-11.143307
2018-12-31,-10.00971
