time,tmin
2012-01-01,-23.683615
2012-01-02,-22.395994
2012-01-03,-21.811506
2012-01-04,-21.494211
2012-01-05,-25.052765
2012-01-06,-28.069899
2012-01-07,-28.875816
2012-01-08,-26.548725
2012-01-09,-24.275312
2012-01-10,-28.99155
2012-01-11,-30.500107
2012-01-12,-20.29083
2012-01-13,-20.915281
2012-01-14,-23.787813
2012-01-15,-23.38491
2012-01-16,-24.4983
2012-01-17,-24.273558
2012-01-18,-21.86507
2012-01-19,-25.781054
2012-01-20,-27.130987
2012-01-21,-30.922983
2012-01-22,-29.748934
2012-01-23,-31.916794
2012-01-24,-29.387514
2012-01-25,-29.690477
2012-01-26,-27.040764
2012-01-27,-28.61615
2012-01-28,-29.155247
2012-01-29,-29.024326
2012-01-30,-31.497972
2012-01-31,-32.767094
2012-02-01,-30.972584
2012-02-02,-28.919947
2012-02-03,-24.759733
2012-02-04,-23.17048
2012-02-05,-21.296907
2012-02-06,-23.277605
2012-02-07,-27.767157
2012-02-08,-23.414688
2012-02-09,-22.640574
2012-02-10,-27.744724
2012-02-11,-26.394167
2012-02-12,-25.166441
2012-02-13,-19.458199
2012-02-14,-21.916613
2012-02-15,-26.04157
2012-02-16,-26.934238
2012-02-17,-27.64423
2012-02-18,-24.660975
2012-02-19,-21.03542
2012-02-20,-23.768253
2012-02-21,-27.542877
2012-02-22,-15.689622
2012-02-23,-22.272436
2012-02-24,-19.103981
2012-02-25,-19.920586
2012-02-26,-23.272997
2012-02-27,-17.985374
2012-02-28,-18.075176
2012-02-29,-14.161778
2012-03-01,-18.17758
2012-03-02,-23.180115
2012-03-03,-21.5014
2012-03-04,-13.68896
2012-03-05,-9.884572
2012-03-06,-12.789034
2012-03-07,-14.497875
2012-03-08,-18.500608
2012-03-09,-23.19395
2012-03-10,-18.360954
2012-03-11,-21.769953
2012-03-12,-24.353956
2012-03-13,-17.842072
2012-03-14,-19.07735
2012-03-15,-18.68551
2012-03-16,-3.8442488
2012-03-17,-16.542105
2012-03-18,-21.630009
2012-03-19,-13.704786
2012-03-20,-15.878399
2012-03-21,-4.5683994
2012-03-22,-8.75956
2012-03-23,-8.236066
2012-03-24,-9.883964
2012-03-25,-12.894487
2012-03-26,-7.9974723
2012-03-27,-0.1726842
2012-03-28,-6.804887
2012-03-29,-2.6647704
2012-03-30,-8.3777
2012-03-31,-14.728564
2012-04-01,-16.556723
2012-04-02,-10.5201845
2012-04-03,-10.504136
2012-04-04,-8.227055
2012-04-05,-9.32967
2012-04-06,-14.117561
2012-04-07,-8.320993
2012-04-08,-3.6813447
2012-04-09,-8.00038
2012-04-10,-0.6151778
2012-04-11,-4.76763
2012-04-12,-0.5317826
2012-04-13,-0.4112637
2012-04-14,-3.3002315
2012-04-15,-4.363711
2012-04-16,-8.851187
2012-04-17,-2.6315556
2012-04-18,0.4987917
2012-04-19,7.836968
2012-04-20,4.210523
2012-04-21,0.29208183
2012-04-22,2.5661936
2012-04-23,7.708816
2012-04-24,5.262721
2012-04-25,-4.0479984
2012-04-26,-6.758112
2012-04-27,-0.76937073
2012-04-28,-2.8706985
2012-04-29,-3.7545931
2012-04-30,3.9347458
2012-05-01,0.62835884
2012-05-02,4.6931524
2012-05-03,1.5128801
2012-05-04,4.3733687
2012-05-05,1.5712633
2012-05-06,-0.006886959
2012-05-07,2.982058
2012-05-08,4.1893125
2012-05-09,6.6379004
2012-05-10,7.972644
2012-05-11,7.597089
2012-05-12,7.861006
2012-05-13,3.7006226
2012-05-14,1.4142805
2012-05-15,1.4076974
2012-05-16,2.8910213
2012-05-17,-0.71485806
2012-05-18,8.699972
2012-05-19,5.7601986
2012-05-20,0.68788147
2012-05-21,11.452328
2012-05-22,9.911562
2012-05-23,4.4689693
2012-05-24,4.0665274
2012-05-25,4.5680842
2012-05-26,6.3943157
2012-05-27,2.815908
2012-05-28,7.333064
2012-05-29,5.9275117
2012-05-30,3.9124677
2012-05-31,1.3055515
2012-06-01,7.1687026
2012-06-02,7.641148
2012-06-03,6.364397
2012-06-04,10.053304
2012-06-05,8.273359
2012-06-06,9.612237
2012-06-07,10.534249
2012-06-08,9.428194
2012-06-09,8.428084
2012-06-10,6.819642
2012-06-11,5.0170784
2012-06-12,7.162882
2012-06-13,8.19223
2012-06-14,9.713857
2012-06-15,10.523641
2012-06-16,8.10495
2012-06-17,9.103012
2012-06-18,8.554037
2012-06-19,11.129584
2012-06-20,11.705753
2012-06-21,13.81369
2012-06-22,13.145159
2012-06-23,14.168127
2012-06-24,17.226463
2012-06-25,15.435245
2012-06-26,12.838922
2012-06-27,14.742402
2012-06-28,17.62164
2012-06-29,14.297002
2012-06-30,12.0722685
2012-07-01,13.321659
2012-07-02,12.050297
2012-07-03,11.946679
2012-07-04,11.478873
2012-07-05,12.927397
2012-07-06,14.391869
2012-07-07,15.453596
2012-07-08,17.519753
2012-07-09,16.480587
2012-07-10,15.825833
2012-07-11,14.856051
2012-07-12,15.012508
2012-07-13,13.17669
2012-07-14,12.453137
2012-07-15,14.456704
2012-07-16,14.560342
2012-07-17,15.12719
2012-07-18,14.609994
2012-07-19,16.561665
2012-07-20,17.448532
2012-07-21,15.692272
2012-07-22,15.265581
2012-07-23,10.270063
2012-07-24,12.048159
2012-07-25,15.215454
2012-07-26,17.692295
2012-07-27,14.249183
2012-07-28,14.5071535
2012-07-29,14.825183
2012-07-30,11.595872
2012-07-31,10.209629
2012-08-01,11.787531
2012-08-02,15.1847925
2012-08-03,12.956186
2012-08-04,14.824983
2012-08-05,14.5278
2012-08-06,14.34687
2012-08-07,16.339077
2012-08-08,17.783875
2012-08-09,10.426528
2012-08-10,9.637476
2012-08-11,10.6224
2012-08-12,9.983274
2012-08-13,8.52215
2012-08-14,11.381423
2012-08-15,10.672693
2012-08-16,9.738559
2012-08-17,16.057676
2012-08-18,12.963611
2012-08-19,7.5960493
2012-08-20,10.221772
2012-08-21,3.2317448
2012-08-22,3.247601
2012-08-23,9.770795
2012-08-24,9.9443245
2012-08-25,11.835045
2012-08-26,11.859983
2012-08-27,13.138459
2012-08-28,13.023537
2012-08-29,11.8233595
2012-08-30,8.483286
2012-08-31,11.969585
2012-09-01,14.238192
2012-09-02,8.84293
2012-09-03,8.030389
2012-09-04,8.605135
2012-09-05,4.3875513
2012-09-06,3.0952888
2012-09-07,6.339342
2012-09-08,8.499746
2012-09-09,9.603479
2012-09-10,7.79968
2012-09-11,12.294724
2012-09-12,6.828009
2012-09-13,6.7049575
2012-09-14,4.698484
2012-09-15,1.8229766
2012-09-16,3.4968102
2012-09-17,4.0259
2012-09-18,4.053954
2012-09-19,4.4959373
2012-09-20,4.7947025
2012-09-21,5.325116
2012-09-22,4.900679
2012-09-23,5.3614717
2012-09-24,6.823642
2012-09-25,10.455166
2012-09-26,3.7127056
2012-09-27,2.971506
2012-09-28,3.0317564
2012-09-29,-0.31327015
2012-09-30,-2.8432732
2012-10-01,-1.533061
2012-10-02,0.08436203
2012-10-03,4.7838845
2012-10-04,3.0169406
2012-10-05,-0.59345174
2012-10-06,-2.74489
2012-10-07,-0.91059685
2012-10-08,3.844685
2012-10-09,3.6940408
2012-10-10,-4.266623
2012-10-11,-4.891244
2012-10-12,1.2867334
2012-10-13,-1.3908962
2012-10-14,-0.35279524
2012-10-15,-2.7946796
2012-10-16,-2.0989559
2012-10-17,-4.5794086
2012-10-18,-6.2088885
2012-10-19,-7.783299
2012-10-20,-6.981291
2012-10-21,-8.900141
2012-10-22,-7.454641
2012-10-23,-4.751917
2012-10-24,-3.0285473
2012-10-25,-5.5951056
2012-10-26,-3.4654832
2012-10-27,-1.3250108
2012-10-28,-7.554483
2012-10-29,-9.505324
2012-10-30,-13.289903
2012-10-31,-12.498204
2012-11-01,-11.625099
2012-11-02,-6.232342
2012-11-03,-8.018197
2012-11-04,-5.206024
2012-11-05,-8.607259
2012-11-06,-13.5515175
2012-11-07,-10.949619
2012-11-08,-8.691953
2012-11-09,-12.4505205
2012-11-10,-5.852621
2012-11-11,-4.8892207
2012-11-12,-10.89181
2012-11-13,-11.474222
2012-11-14,-11.962102
2012-11-15,-15.303188
2012-11-16,-11.313148
2012-11-17,-15.022803
2012-11-18,-18.638527
2012-11-19,-15.534185
2012-11-20,-17.748116
2012-11-21,-15.814022
2012-11-22,-16.051971
2012-11-23,-17.66228
2012-11-24,-20.431686
2012-11-25,-14.524264
2012-11-26,-20.10409
2012-11-27,-21.46182
2012-11-28,-19.374203
2012-11-29,-21.476933
2012-11-30,-25.852436
2012-12-01,-25.678148
2012-12-02,-19.337135
2012-12-03,-21.401644
2012-12-04,-26.92162
2012-12-05,-25.078272
2012-12-06,-26.698265
2012-12-07,-28.586939
2012-12-08,-28.627756
2012-12-09,-22.017883
2012-12-10,-26.245079
2012-12-11,-25.18173
2012-12-12,-28.288595
2012-12-13,-18.902514
2012-12-14,-23.875072
2012-12-15,-20.552235
2012-12-16,-24.6554
2012-12-17,-24.987755
2012-12-18,-26.805626
2012-12-19,-27.831675
2012-12-20,-26.686216
2012-12-21,-22.795132
2012-12-22,-28.61478
2012-12-23,-32.187023
2012-12-24,-29.318443
2012-12-25,-29.660055
2012-12-26,-32.185913
2012-12-27,-25.14476
2012-12-28,-22.665997
2012-12-29,-21.862906
2012-12-30,-26.478384
2012-12-31,-31.764376
2013-01-01,-32.739914
2013-01-02,-32.79316
2013-01-03,-27.650713
2013-01-04,-24.634491
2013-01-05,-23.414543
2013-01-06,-27.238329
2013-01-07,-28.746248
2013-01-08,-33.00135
2013-01-09,-30.46217
2013-01-10,-32.16108
2013-01-11,-28.672733
2013-01-12,-28.104939
2013-01-13,-30.880196
2013-01-14,-27.048458
2013-01-15,-21.845922
2013-01-16,-28.070284
2013-01-17,-27.27084
2013-01-18,-22.80746
2013-01-19,-26.65924
2013-01-20,-25.943453
2013-01-21,-27.036167
2013-01-22,-28.646576
2013-01-23,-25.137709
2013-01-24,-29.29403
2013-01-25,-31.229357
2013-01-26,-32.27472
2013-01-27,-28.54692
2013-01-28,-18.094147
2013-01-29,-19.43034
2013-01-30,-21.248537
2013-01-31,-22.886168
2013-02-01,-21.540077
2013-02-02,-27.307575
2013-02-03,-23.702913
2013-02-04,-25.170689
2013-02-05,-22.508486
2013-02-06,-28.06606
2013-02-07,-30.799835
2013-02-08,-29.766912
2013-02-09,-25.323137
2013-02-10,-28.727427
2013-02-11,-25.710754
2013-02-12,-25.322824
2013-02-13,-21.098581
2013-02-14,-24.542046
2013-02-15,-29.714733
2013-02-16,-27.58743
2013-02-17,-22.617893
2013-02-18,-26.24475
2013-02-19,-28.94553
2013-02-20,-31.176603
2013-02-21,-25.6536
2013-02-22,-21.015615
2013-02-23,-20.902412
2013-02-24,-26.346523
2013-02-25,-24.603966
2013-02-26,-14.55999
2013-02-27,-17.05479
2013-02-28,-17.741936
2013-03-01,-20.558422
2013-03-02,-23.313513
2013-03-03,-18.313189
2013-03-04,-18.737457
2013-03-05,-7.542768
2013-03-06,-10.561295
2013-03-07,-12.991915
2013-03-08,-16.54516
2013-03-09,-17.624062
2013-03-10,-21.693209
2013-03-11,-15.68158
2013-03-12,-17.074198
2013-03-13,-20.256016
2013-03-14,-17.938318
2013-03-15,-9.163765
2013-03-16,-12.544726
2013-03-17,-11.8114395
2013-03-18,-17.207314
2013-03-19,-22.662886
2013-03-20,-23.270887
2013-03-21,-14.336269
2013-03-22,-15.930939
2013-03-23,-18.781723
2013-03-24,-17.443403
2013-03-25,-15.886244
2013-03-26,-9.533976
2013-03-27,-11.178542
2013-03-28,-12.785732
2013-03-29,-12.638863
2013-03-30,-14.734877
2013-03-31,-11.393873
2013-04-01,-11.883329
2013-04-02,-6.376217
2013-04-03,-6.542677
2013-04-04,-6.8677263
2013-04-05,-6.8840084
2013-04-06,-12.022303
2013-04-07,-8.058477
2013-04-08,-6.3873916
2013-04-09,-11.565868
2013-04-10,-7.919355
2013-04-11,-7.3013625
2013-04-12,-8.326591
2013-04-13,-7.8042097
2013-04-14,-9.631555
2013-04-15,-9.99575
2013-04-16,-7.118738
2013-04-17,-8.461393
2013-04-18,-5.7525535
2013-04-19,-8.018165
2013-04-20,-7.3987246
2013-04-21,-6.273291
2013-04-22,-1.6045594
2013-04-23,-2.5301578
2013-04-24,0.26194313
2013-04-25,0.7118982
2013-04-26,-2.8165824
2013-04-27,-3.890358
2013-04-28,3.3267229
2013-04-29,1.5276837
2013-04-30,3.0561883
2013-05-01,-0.8913481
2013-05-02,1.0845033
2013-05-03,0.20155382
2013-05-04,0.98753595
2013-05-05,3.078154
2013-05-06,8.462076
2013-05-07,8.832764
2013-05-08,12.669832
2013-05-09,11.479597
2013-05-10,6.8360095
2013-05-11,2.1397498
2013-05-12,4.80974
2013-05-13,0.17404175
2013-05-14,6.203961
2013-05-15,2.1071296
2013-05-16,4.548998
2013-05-17,12.044142
2013-05-18,6.2756805
2013-05-19,7.4747257
2013-05-20,4.3425174
2013-05-21,3.9228754
2013-05-22,2.3870716
2013-05-23,9.122997
2013-05-24,8.41016
2013-05-25,6.303489
2013-05-26,10.129448
2013-05-27,13.515178
2013-05-28,11.635164
2013-05-29,7.527722
2013-05-30,2.151225
2013-05-31,7.6863594
2013-06-01,6.425465
2013-06-02,1.6861024
2013-06-03,7.627138
2013-06-04,2.3095803
2013-06-05,9.092714
2013-06-06,13.115074
2013-06-07,11.968623
2013-06-08,13.444197
2013-06-09,8.433737
2013-06-10,7.5116215
2013-06-11,6.752598
2013-06-12,6.1451283
2013-06-13,7.214729
2013-06-14,14.858095
2013-06-15,13.914341
2013-06-16,12.540332
2013-06-17,10.420171
2013-06-18,13.152076
2013-06-19,11.236474
2013-06-20,6.916046
2013-06-21,9.554956
2013-06-22,11.328863
2013-06-23,10.6571
2013-06-24,11.753793
2013-06-25,14.417626
2013-06-26,15.126517
2013-06-27,14.809654
2013-06-28,11.012057
2013-06-29,14.661897
2013-06-30,13.012298
2013-07-01,13.731155
2013-07-02,13.938149
2013-07-03,15.097606
2013-07-04,16.31917
2013-07-05,9.689404
2013-07-06,11.910475
2013-07-07,16.219181
2013-07-08,14.6976595
2013-07-09,10.209186
2013-07-10,10.799618
2013-07-11,15.588133
2013-07-12,14.511083
2013-07-13,10.984962
2013-07-14,12.324331
2013-07-15,17.18045
2013-07-16,13.8778305
2013-07-17,10.56608
2013-07-18,15.326647
2013-07-19,14.816831
2013-07-20,8.07761
2013-07-21,12.008589
2013-07-22,16.848053
2013-07-23,14.690508
2013-07-24,15.294532
2013-07-25,14.399306
2013-07-26,14.735396
2013-07-27,16.760386
2013-07-28,11.097005
2013-07-29,14.304572
2013-07-30,12.901241
2013-07-31,17.804422
2013-08-01,16.349674
2013-08-02,14.066246
2013-08-03,13.899626
2013-08-04,13.947411
2013-08-05,12.062873
2013-08-06,12.874973
2013-08-07,15.388215
2013-08-08,16.083498
2013-08-09,16.789087
2013-08-10,15.140228
2013-08-11,13.146486
2013-08-12,18.809908
2013-08-13,13.993557
2013-08-14,15.087675
2013-08-15,13.87111
2013-08-16,14.540892
2013-08-17,15.27972
2013-08-18,13.333513
2013-08-19,10.3754835
2013-08-20,9.665322
2013-08-21,13.430102
2013-08-22,12.879693
2013-08-23,9.83462
2013-08-24,9.859597
2013-08-25,6.7515926
2013-08-26,6.2912545
2013-08-27,11.860058
2013-08-28,10.384461
2013-08-29,7.376148
2013-08-30,4.5455093
2013-08-31,4.4095674
2013-09-01,4.612343
2013-09-02,3.1431897
2013-09-03,4.6937804
2013-09-04,4.7115564
2013-09-05,7.502057
2013-09-06,8.79311
2013-09-07,6.3040094
2013-09-08,6.6732664
2013-09-09,11.35801
2013-09-10,6.773467
2013-09-11,2.7355003
2013-09-12,6.2119284
2013-09-13,10.216141
2013-09-14,6.1703176
2013-09-15,3.308853
2013-09-16,0.058047533
2013-09-17,-1.2720966
2013-09-18,1.3007708
2013-09-19,8.430099
2013-09-20,4.9833713
2013-09-21,4.5920086
2013-09-22,7.120798
2013-09-23,4.200208
2013-09-24,-2.4569058
2013-09-25,0.03281498
2013-09-26,-0.212811
2013-09-27,4.1077576
2013-09-28,-0.11159778
2013-09-29,-1.0618472
2013-09-30,1.9714079
2013-10-01,3.173136
2013-10-02,-4.2879515
2013-10-03,-7.0992136
2013-10-04,-3.3450196
2013-10-05,-0.71308374
2013-10-06,4.1846857
2013-10-07,0.13218598
2013-10-08,-4.275124
2013-10-09,1.0376706
2013-10-10,4.3212075
2013-10-11,0.74376595
2013-10-12,-0.69634813
2013-10-13,-2.1273375
2013-10-14,-5.202499
2013-10-15,-7.73186
2013-10-16,-5.7395773
2013-10-17,-7.8153205
2013-10-18,-3.450062
2013-10-19,2.0062554
2013-10-20,-0.70081335
2013-10-21,-3.6974168
2013-10-22,0.70100474
2013-10-23,-6.296342
2013-10-24,-4.4811325
2013-10-25,-4.292552
2013-10-26,-4.7041483
2013-10-27,-3.6520681
2013-10-28,-5.0095034
2013-10-29,-6.967333
2013-10-30,-4.4318986
2013-10-31,-4.5789576
2013-11-01,-6.887783
2013-11-02,-2.8514056
2013-11-03,-2.1920657
2013-11-04,-2.6434083
2013-11-05,-3.5429668
2013-11-06,-3.0936728
2013-11-07,-9.004883
2013-11-08,-10.329913
2013-11-09,-11.706616
2013-11-10,-13.808257
2013-11-11,-15.51968
2013-11-12,-12.519809
2013-11-13,-8.843571
2013-11-14,-8.957217
2013-11-15,-9.3515
2013-11-16,-6.3321333
2013-11-17,-10.919479
2013-11-18,-14.036938
2013-11-19,-14.611998
2013-11-20,-12.172436
2013-11-21,-11.758707
2013-11-22,-8.9218025
2013-11-23,-9.589849
2013-11-24,-8.852431
2013-11-25,-15.38725
2013-11-26,-14.800153
2013-11-27,-18.113432
2013-11-28,-18.217003
2013-11-29,-14.184229
2013-11-30,-13.595838
2013-12-01,-11.043288
2013-12-02,-11.663483
2013-12-03,-10.321105
2013-12-04,-8.865051
2013-12-05,-15.402825
2013-12-06,-15.719599
2013-12-07,-14.421044
2013-12-08,-12.521675
2013-12-09,-13.621833
2013-12-10,-15.866793
2013-12-11,-23.519573
2013-12-12,-20.900457
2013-12-13,-24.841204
2013-12-14,-21.635176
2013-12-15,-18.597948
2013-12-16,-21.217691
2013-12-17,-23.801706
2013-12-18,-18.813585
2013-12-19,-18.866257
2013-12-20,-22.761929
2013-12-21,-22.887693
2013-12-22,-22.031054
2013-12-23,-21.077826
2013-12-24,-23.641817
2013-12-25,-17.899105
2013-12-26,-22.336884
2013-12-27,-22.714466
2013-12-28,-23.308537
2013-12-29,-19.7505
2013-12-30,-16.15762
2013-12-31,-15.373607
2014-01-01,-19.969995
2014-01-02,-24.20455
2014-01-03,-20.017391
2014-01-04,-22.670107
2014-01-05,-23.702652
2014-01-06,-21.208452
2014-01-07,-23.369473
2014-01-08,-26.367
2014-01-09,-28.775599
2014-01-10,-24.241665
2014-01-11,-24.860868
2014-01-12,-28.822046
2014-01-13,-27.012096
2014-01-14,-23.328203
2014-01-15,-19.420088
2014-01-16,-24.362112
2014-01-17,-24.825937
2014-01-18,-23.326078
2014-01-19,-23.196697
2014-01-20,-23.603819
2014-01-21,-22.9163
2014-01-22,-22.74906
2014-01-23,-18.82423
2014-01-24,-19.665485
2014-01-25,-20.326746
2014-01-26,-24.274565
2014-01-27,-22.070185
2014-01-28,-25.926533
2014-01-29,-19.876808
2014-01-30,-22.191391
2014-01-31,-27.65261
2014-02-01,-21.510475
2014-02-02,-22.305033
2014-02-03,-26.271908
2014-02-04,-27.376925
2014-02-05,-28.902668
2014-02-06,-27.263159
2014-02-07,-25.667353
2014-02-08,-21.755207
2014-02-09,-27.037025
2014-02-10,-28.137655
2014-02-11,-26.106232
2014-02-12,-28.1815
2014-02-13,-25.460775
2014-02-14,-21.122997
2014-02-15,-26.631954
2014-02-16,-26.914427
2014-02-17,-26.591959
2014-02-18,-26.973854
2014-02-19,-25.189901
2014-02-20,-23.662697
2014-02-21,-19.955484
2014-02-22,-20.723314
2014-02-23,-19.883396
2014-02-24,-16.636494
2014-02-25,-9.74852
2014-02-26,-13.551914
2014-02-27,-16.546091
2014-02-28,-20.288063
2014-03-01,-20.85654
2014-03-02,-20.884644
2014-03-03,-20.071598
2014-03-04,-19.939491
2014-03-05,-23.043331
2014-03-06,-23.176556
2014-03-07,-22.105097
2014-03-08,-20.540442
2014-03-09,-18.089888
2014-03-10,-19.093523
2014-03-11,-9.53997
2014-03-12,-14.495424
2014-03-13,-17.622986
2014-03-14,-15.089527
2014-03-15,-8.65678
2014-03-16,-12.250943
2014-03-17,-5.7598324
2014-03-18,-10.752598
2014-03-19,-6.2150927
2014-03-20,-8.869074
2014-03-21,-10.030357
2014-03-22,-7.3335977
2014-03-23,-4.9746113
2014-03-24,-2.7901402
2014-03-25,-4.1011577
2014-03-26,-3.7980723
2014-03-27,-5.5407443
2014-03-28,7.754472
2014-03-29,-5.9309034
2014-03-30,-0.46413136
2014-03-31,-5.2043242
2014-04-01,-5.257262
2014-04-02,-5.088889
2014-04-03,-7.5537057
2014-04-04,-5.428224
2014-04-05,-6.915923
2014-04-06,-7.5256863
2014-04-07,-2.9877195
2014-04-08,-1.1779696
2014-04-09,1.601493
2014-04-10,-3.564422
2014-04-11,-2.6679645
2014-04-12,1.3489176
2014-04-13,0.99433565
2014-04-14,2.9807167
2014-04-15,-3.2789319
2014-04-16,0.43569255
2014-04-17,-1.8118632
2014-04-18,-2.181839
2014-04-19,-5.3581266
2014-04-20,-0.08592975
2014-04-21,-0.4276775
2014-04-22,-2.414937
2014-04-23,0.44611883
2014-04-24,4.751944
2014-04-25,6.2291374
2014-04-26,2.6553712
2014-04-27,-1.5171399
2014-04-28,-0.3968594
2014-04-29,3.9720464
2014-04-30,4.3509297
2014-05-01,5.535945
2014-05-02,2.622623
2014-05-03,-4.371622
2014-05-04,-0.66296256
2014-05-05,-1.1057557
2014-05-06,-5.0881677
2014-05-07,-1.6800717
2014-05-08,2.4638472
2014-05-09,0.6607988
2014-05-10,6.69565
2014-05-11,5.248682
2014-05-12,4.9978466
2014-05-13,5.471131
2014-05-14,6.378113
2014-05-15,3.0942352
2014-05-16,2.1595507
2014-05-17,2.6520007
2014-05-18,4.134094
2014-05-19,2.6726732
2014-05-20,7.997114
2014-05-21,4.427009
2014-05-22,6.400227
2014-05-23,11.543801
2014-05-24,9.522877
2014-05-25,8.063628
2014-05-26,7.3929696
2014-05-27,3.6824102
2014-05-28,6.593263
2014-05-29,4.240908
2014-05-30,6.695229
2014-05-31,14.393581
2014-06-01,14.503012
2014-06-02,13.506662
2014-06-03,12.523561
2014-06-04,12.637494
2014-06-05,11.580639
2014-06-06,7.8717017
2014-06-07,8.656384
2014-06-08,10.433112
2014-06-09,9.220244
2014-06-10,8.08926
2014-06-11,10.041406
2014-06-12,10.720846
2014-06-13,10.217829
2014-06-14,9.927475
2014-06-15,11.560284
2014-06-16,13.7687845
2014-06-17,13.362357
2014-06-18,7.498018
2014-06-19,10.616281
2014-06-20,9.733116
2014-06-21,10.273784
2014-06-22,9.500182
2014-06-23,10.868233
2014-06-24,12.491186
2014-06-25,15.059363
2014-06-26,11.92737
2014-06-27,10.12309
2014-06-28,13.419915
2014-06-29,10.982628
2014-06-30,13.891257
2014-07-01,15.097419
2014-07-02,15.882504
2014-07-03,15.755462
2014-07-04,12.183332
2014-07-05,13.701139
2014-07-06,15.616774
2014-07-07,12.260676
2014-07-08,14.89353
2014-07-09,13.472751
2014-07-10,13.411833
2014-07-11,12.441728
2014-07-12,13.400768
2014-07-13,12.090774
2014-07-14,11.420896
2014-07-15,12.945175
2014-07-16,12.638563
2014-07-17,14.98421
2014-07-18,14.418017
2014-07-19,17.198816
2014-07-20,15.170851
2014-07-21,16.220873
2014-07-22,11.9375515
2014-07-23,13.317022
2014-07-24,8.56918
2014-07-25,9.579077
2014-07-26,12.108959
2014-07-27,12.816467
2014-07-28,15.3038645
2014-07-29,15.806732
2014-07-30,14.796818
2014-07-31,12.53994
2014-08-01,15.51802
2014-08-02,13.47597
2014-08-03,10.71253
2014-08-04,13.776037
2014-08-05,10.997182
2014-08-06,8.68134
2014-08-07,10.1128025
2014-08-08,11.192263
2014-08-09,14.21669
2014-08-10,14.927608
2014-08-11,14.533257
2014-08-12,6.7452803
2014-08-13,7.049787
2014-08-14,8.282692
2014-08-15,9.720044
2014-08-16,10.659869
2014-08-17,9.922712
2014-08-18,11.34132
2014-08-19,10.932035
2014-08-20,14.144661
2014-08-21,12.406502
2014-08-22,13.096395
2014-08-23,13.385158
2014-08-24,13.563538
2014-08-25,11.579039
2014-08-26,9.386054
2014-08-27,9.101563
2014-08-28,12.82804
2014-08-29,10.986068
2014-08-30,9.548515
2014-08-31,11.040161
2014-09-01,10.722321
2014-09-02,9.862257
2014-09-03,5.5690737
2014-09-04,7.0348988
2014-09-05,8.186432
2014-09-06,9.004173
2014-09-07,9.234094
2014-09-08,7.858886
2014-09-09,3.3535852
2014-09-10,5.525806
2014-09-11,1.5118201
2014-09-12,3.973087
2014-09-13,5.812184
2014-09-14,6.130483
2014-09-15,3.5464797
2014-09-16,-0.9871723
2014-09-17,2.6282406
2014-09-18,4.73775
2014-09-19,7.1186876
2014-09-20,5.110284
2014-09-21,4.584856
2014-09-22,1.572995
2014-09-23,2.9248672
2014-09-24,0.029099822
2014-09-25,1.9527254
2014-09-26,5.1143513
2014-09-27,2.3989596
2014-09-28,2.4135866
2014-09-29,-4.7606
2014-09-30,-5.767872
2014-10-01,-2.813014
2014-10-02,-3.3589602
2014-10-03,-4.6115284
2014-10-04,-2.8608897
2014-10-05,0.73112166
2014-10-06,-5.037385
2014-10-07,2.5951483
2014-10-08,1.5496223
2014-10-09,2.8211865
2014-10-10,2.513303
2014-10-11,1.020047
2014-10-12,-1.192384
2014-10-13,-7.929986
2014-10-14,-5.3179617
2014-10-15,-3.261639
2014-10-16,-5.8684025
2014-10-17,-3.7295527
2014-10-18,-0.63608074
2014-10-19,0.66903186
2014-10-20,-7.019515
2014-10-21,-13.10104
2014-10-22,-9.144173
2014-10-23,-3.817213
2014-10-24,-1.0425143
2014-10-25,-3.3545382
2014-10-26,-7.3621874
2014-10-27,-9.854644
2014-10-28,-9.859332
2014-10-29,-5.0906086
2014-10-30,1.4984622
2014-10-31,-3.1818655
2014-11-01,-5.3006973
2014-11-02,-6.887197
2014-11-03,-7.659654
2014-11-04,-8.042082
2014-11-05,-6.884693
2014-11-06,-10.575342
2014-11-07,-12.24683
2014-11-08,-10.484387
2014-11-09,-6.948839
2014-11-10,-6.025301
2014-11-11,-7.3783956
2014-11-12,-14.007359
2014-11-13,-15.418271
2014-11-14,-14.287027
2014-11-15,-13.871592
2014-11-16,-13.940041
2014-11-17,-13.266884
2014-11-18,-13.351496
2014-11-19,-11.46627
2014-11-20,-8.538044
2014-11-21,-11.639239
2014-11-22,-15.748106
2014-11-23,-16.860914
2014-11-24,-13.112845
2014-11-25,-14.447918
2014-11-26,-11.859917
2014-11-27,-16.595304
2014-11-28,-17.688356
2014-11-29,-14.649679
2014-11-30,-18.358795
2014-12-01,-22.75098
2014-12-02,-22.861612
2014-12-03,-22.7081
2014-12-04,-22.560541
2014-12-05,-22.910511
2014-12-06,-21.695456
2014-12-07,-21.399122
2014-12-08,-24.282978
2014-12-09,-21.335049
2014-12-10,-17.6353
2014-12-11,-23.088425
2014-12-12,-22.156675
2014-12-13,-24.782148
2014-12-14,-23.201895
2014-12-15,-21.060623
2014-12-16,-27.163952
2014-12-17,-27.980715
2014-12-18,-26.594706
2014-12-19,-19.752644
2014-12-20,-25.323599
2014-12-21,-27.762068
2014-12-22,-18.611996
2014-12-23,-20.371038
2014-12-24,-21.464182
2014-12-25,-18.103458
2014-12-26,-18.7375
2014-12-27,-20.969679
2014-12-28,-16.88685
2014-12-29,-18.704123
2014-12-30,-19.470346
2014-12-31,-20.697174
2015-01-01,-23.469244
2015-01-02,-23.171946
2015-01-03,-14.948976
2015-01-04,-18.664402
2015-01-05,-18.923553
2015-01-06,-22.344227
2015-01-07,-22.280521
2015-01-08,-16.199156
2015-01-09,-14.208589
2015-01-10,-16.99489
2015-01-11,-22.775805
2015-01-12,-22.892525
2015-01-13,-18.876991
2015-01-14,-22.438328
2015-01-15,-22.1674
2015-01-16,-19.445005
2015-01-17,-18.41446
2015-01-18,-16.456419
2015-01-19,-20.367552
2015-01-20,-20.006346
2015-01-21,-21.936178
2015-01-22,-19.13781
2015-01-23,-16.805883
2015-01-24,-18.203075
2015-01-25,-14.929798
2015-01-26,-21.974627
2015-01-27,-23.966808
2015-01-28,-25.205956
2015-01-29,-19.372585
2015-01-30,-23.343164
2015-01-31,-21.86834
2015-02-01,-19.437983
2015-02-02,-20.937586
2015-02-03,-16.154236
2015-02-04,-18.605309
2015-02-05,-20.159483
2015-02-06,-13.059322
2015-02-07,-26.196436
2015-02-08,-27.657185
2015-02-09,-21.934992
2015-02-10,-19.366426
2015-02-11,-20.114468
2015-02-12,-20.310062
2015-02-13,-19.625788
2015-02-14,-12.798554
2015-02-15,-13.358622
2015-02-16,-10.830771
2015-02-17,-11.9135475
2015-02-18,-18.33877
2015-02-19,-15.683641
2015-02-20,-8.757113
2015-02-21,-9.03866
2015-02-22,-13.500202
2015-02-23,-17.463758
2015-02-24,-20.921253
2015-02-25,-22.120758
2015-02-26,-19.695377
2015-02-27,-20.247356
2015-02-28,-15.129613
2015-03-01,-13.42907
2015-03-02,-15.262524
2015-03-03,-18.329834
2015-03-04,-20.23534
2015-03-05,-19.570507
2015-03-06,-11.037893
2015-03-07,-13.957821
2015-03-08,-16.373377
2015-03-09,-21.417387
2015-03-10,-20.34705
2015-03-11,-18.63033
2015-03-12,-16.3945
2015-03-13,-15.580953
2015-03-14,-14.919331
2015-03-15,-5.412572
2015-03-16,-7.0220737
2015-03-17,-11.601293
2015-03-18,-6.6771607
2015-03-19,-8.493731
2015-03-20,-10.161533
2015-03-21,-9.076187
2015-03-22,-13.281389
2015-03-23,-12.316698
2015-03-24,-11.209703
2015-03-25,-5.3420963
2015-03-26,0.0936923
2015-03-27,7.4623013
2015-03-28,0.042729452
2015-03-29,-6.0092273
2015-03-30,-0.3962264
2015-03-31,-4.0405416
2015-04-01,-6.033173
2015-04-02,-0.25539565
2015-04-03,-3.7182627
2015-04-04,-9.600016
2015-04-05,-11.742299
2015-04-06,-17.147614
2015-04-07,-13.800901
2015-04-08,-5.9893546
2015-04-09,-6.587925
2015-04-10,-7.449423
2015-04-11,-6.669752
2015-04-12,-5.3259144
2015-04-13,-4.777549
2015-04-14,1.7227232
2015-04-15,1.3531871
2015-04-16,-1.7272714
2015-04-17,-6.963358
2015-04-18,-1.8770344
2015-04-19,-2.0851839
2015-04-20,-2.9220307
2015-04-21,-5.5286407
2015-04-22,-2.7366557
2015-04-23,0.47018397
2015-04-24,-2.9810832
2015-04-25,2.2375145
2015-04-26,9.393945
2015-04-27,8.220384
2015-04-28,6.9605513
2015-04-29,7.168586
2015-04-30,6.8674216
2015-05-01,6.442572
2015-05-02,4.5043697
2015-05-03,1.6275874
2015-05-04,0.43333173
2015-05-05,1.6911191
2015-05-06,-1.5105336
2015-05-07,0.018736988
2015-05-08,-1.0566195
2015-05-09,-2.8415973
2015-05-10,-2.740895
2015-05-11,0.3673396
2015-05-12,1.1941338
2015-05-13,3.3300838
2015-05-14,4.989499
2015-05-15,-0.8842559
2015-05-16,2.9925728
2015-05-17,7.502038
2015-05-18,1.2927371
2015-05-19,1.50628
2015-05-20,3.0603862
2015-05-21,5.844198
2015-05-22,6.0356326
2015-05-23,7.1987863
2015-05-24,11.445276
2015-05-25,13.161528
2015-05-26,8.635981
2015-05-27,3.5153236
2015-05-28,10.008949
2015-05-29,7.0019717
2015-05-30,0.9913826
2015-05-31,12.032876
2015-06-01,6.4265966
2015-06-02,6.9052134
2015-06-03,5.1271896
2015-06-04,11.471594
2015-06-05,7.5243397
2015-06-06,6.4452715
2015-06-07,5.9849086
2015-06-08,4.521275
2015-06-09,7.4651732
2015-06-10,8.080082
2015-06-11,11.118559
2015-06-12,11.584282
2015-06-13,10.626719
2015-06-14,9.124425
2015-06-15,11.605711
2015-06-16,13.921725
2015-06-17,13.016145
2015-06-18,9.930104
2015-06-19,10.971079
2015-06-20,10.530836
2015-06-21,11.853582
2015-06-22,15.566714
2015-06-23,14.251765
2015-06-24,12.245167
2015-06-25,11.572102
2015-06-26,9.783552
2015-06-27,12.980417
2015-06-28,10.934075
2015-06-29,5.9185705
2015-06-30,6.986923
2015-07-01,9.271271
2015-07-02,8.002822
2015-07-03,6.595481
2015-07-04,4.5301514
2015-07-05,7.8495035
2015-07-06,9.525744
2015-07-07,11.348136
2015-07-08,14.914898
2015-07-09,16.130524
2015-07-10,16.192762
2015-07-11,14.85033
2015-07-12,13.476215
2015-07-13,14.525399
2015-07-14,15.569949
2015-07-15,16.356127
2015-07-16,15.5582485
2015-07-17,12.123439
2015-07-18,12.461603
2015-07-19,13.306319
2015-07-20,15.287888
2015-07-21,15.351872
2015-07-22,14.5370655
2015-07-23,16.706879
2015-07-24,13.797313
2015-07-25,15.189055
2015-07-26,15.948935
2015-07-27,11.190001
2015-07-28,9.92601
2015-07-29,14.409657
2015-07-30,12.361392
2015-07-31,9.444282
2015-08-01,11.090055
2015-08-02,17.600502
2015-08-03,14.40524
2015-08-04,10.003217
2015-08-05,13.370646
2015-08-06,13.231402
2015-08-07,13.449001
2015-08-08,13.569084
2015-08-09,12.888825
2015-08-10,12.326713
2015-08-11,11.687479
2015-08-12,12.817525
2015-08-13,13.630194
2015-08-14,14.622146
2015-08-15,13.405902
2015-08-16,13.17207
2015-08-17,12.133232
2015-08-18,10.40298
2015-08-19,12.5395565
2015-08-20,12.581852
2015-08-21,12.70095
2015-08-22,10.647371
2015-08-23,10.184946
2015-08-24,11.190402
2015-08-25,13.059653
2015-08-26,12.058041
2015-08-27,10.755269
2015-08-28,12.962361
2015-08-29,11.833744
2015-08-30,12.309447
2015-08-31,12.227237
2015-09-01,11.034274
2015-09-02,10.525136
2015-09-03,7.3724146
2015-09-04,8.211601
2015-09-05,6.931796
2015-09-06,6.6546507
2015-09-07,12.112727
2015-09-08,8.3225765
2015-09-09,2.5115407
2015-09-10,1.9058166
2015-09-11,2.2948465
2015-09-12,1.6839945
2015-09-13,5.129863
2015-09-14,9.350731
2015-09-15,7.975686
2015-09-16,6.784649
2015-09-17,11.420465
2015-09-18,9.944937
2015-09-19,3.7116265
2015-09-20,4.7989035
2015-09-21,5.2405677
2015-09-22,6.7952127
2015-09-23,4.5738864
2015-09-24,5.0283017
2015-09-25,3.782218
2015-09-26,1.8305813
2015-09-27,0.99162984
2015-09-28,-2.4132798
2015-09-29,-1.6428056
2015-09-30,5.1636763
2015-10-01,0.24897504
2015-10-02,-0.6442059
2015-10-03,-2.3334486
2015-10-04,-4.3550425
2015-10-05,7.2409134
2015-10-06,1.5874801
2015-10-07,6.2365627
2015-10-08,-1.4964406
2015-10-09,-3.6346283
2015-10-10,-0.7232152
2015-10-11,1.865314
2015-10-12,-1.7087646
2015-10-13,-2.4138498
2015-10-14,-0.72731775
2015-10-15,-0.3744866
2015-10-16,3.077672
2015-10-17,-0.7838347
2015-10-18,-6.400829
2015-10-19,-2.8922205
2015-10-20,-5.5732417
2015-10-21,-5.329628
2015-10-22,-2.190946
2015-10-23,-0.986943
2015-10-24,-7.239637
2015-10-25,-11.830408
2015-10-26,-1.2125056
2015-10-27,-7.2032104
2015-10-28,-9.012268
2015-10-29,-9.912366
2015-10-30,-10.459593
2015-10-31,-6.838377
2015-11-01,-4.0293283
2015-11-02,-5.441496
2015-11-03,-2.8702142
2015-11-04,-3.8467858
2015-11-05,-12.529913
2015-11-06,-15.241136
2015-11-07,-14.522116
2015-11-08,-8.684481
2015-11-09,-9.212803
2015-11-10,-11.564295
2015-11-11,-10.374815
2015-11-12,-10.415333
2015-11-13,-6.079693
2015-11-14,-5.154459
2015-11-15,-9.902854
2015-11-16,-13.590407
2015-11-17,-20.161518
2015-11-18,-22.886663
2015-11-19,-21.146027
2015-11-20,-21.914228
2015-11-21,-24.288076
2015-11-22,-24.141844
2015-11-23,-24.122234
2015-11-24,-27.452492
2015-11-25,-24.987873
2015-11-26,-25.58395
2015-11-27,-23.407269
2015-11-28,-21.62018
2015-11-29,-14.569266
2015-11-30,-19.006424
2015-12-01,-15.690571
2015-12-02,-17.045658
2015-12-03,-17.649822
2015-12-04,-16.400358
2015-12-05,-15.32097
2015-12-06,-20.578753
2015-12-07,-22.534067
2015-12-08,-16.831062
2015-12-09,-18.063297
2015-12-10,-14.372812
2015-12-11,-20.700035
2015-12-12,-19.237812
2015-12-13,-18.39552
2015-12-14,-20.089478
2015-12-15,-16.712072
2015-12-16,-19.905872
2015-12-17,-20.025045
2015-12-18,-16.762377
2015-12-19,-14.9999275
2015-12-20,-12.062761
2015-12-21,-20.166235
2015-12-22,-24.266642
2015-12-23,-18.896381
2015-12-24,-22.988676
2015-12-25,-25.622906
2015-12-26,-29.915552
2015-12-27,-30.141308
2015-12-28,-25.759481
2015-12-29,-21.60016
2015-12-30,-21.10592
2015-12-31,-20.694761
2016-01-01,-17.46201
2016-01-02,-24.038647
2016-01-03,-23.050804
2016-01-04,-21.456709
2016-01-05,-22.72539
2016-01-06,-21.817223
2016-01-07,-20.220055
2016-01-08,-19.941036
2016-01-09,-24.20657
2016-01-10,-25.697262
2016-01-11,-25.093273
2016-01-12,-24.962618
2016-01-13,-23.336845
2016-01-14,-26.711302
2016-01-15,-26.157959
2016-01-16,-27.670204
2016-01-17,-32.135986
2016-01-18,-34.782322
2016-01-19,-33.182713
2016-01-20,-31.872059
2016-01-21,-31.951515
2016-01-22,-34.33658
2016-01-23,-36.09928
2016-01-24,-29.044716
2016-01-25,-21.977833
2016-01-26,-24.579699
2016-01-27,-23.5502
2016-01-28,-27.879852
2016-01-29,-31.250998
2016-01-30,-30.739506
2016-01-31,-26.196266
2016-02-01,-24.316074
2016-02-02,-23.170942
2016-02-03,-21.353668
2016-02-04,-21.594074
2016-02-05,-20.793478
2016-02-06,-21.113209
2016-02-07,-21.785484
2016-02-08,-19.031208
2016-02-09,-17.54004
2016-02-10,-15.427509
2016-02-11,-11.493848
2016-02-12,-14.137522
2016-02-13,-20.569462
2016-02-14,-24.486736
2016-02-15,-20.675865
2016-02-16,-17.086153
2016-02-17,-14.42836
2016-02-18,-14.526664
2016-02-19,-16.760975
2016-02-20,-21.069172
2016-02-21,-24.011005
2016-02-22,-20.501736
2016-02-23,-24.005829
2016-02-24,-22.439
2016-02-25,-21.518948
2016-02-26,-21.24023
2016-02-27,-23.888916
2016-02-28,-20.455729
2016-02-29,-24.378206
2016-03-01,-13.423753
2016-03-02,-14.399795
2016-03-03,-12.530523
2016-03-04,-9.044318
2016-03-05,-7.505242
2016-03-06,-13.254917
2016-03-07,-18.37122
2016-03-08,-19.790043
2016-03-09,-20.44499
2016-03-10,-19.800476
2016-03-11,-19.154087
2016-03-12,-14.057936
2016-03-13,-18.237293
2016-03-14,-13.604678
2016-03-15,-6.804788
2016-03-16,-6.5149937
2016-03-17,-2.9573123
2016-03-18,-4.2716265
2016-03-19,-9.994827
2016-03-20,-7.8980484
2016-03-21,-5.598696
2016-03-22,-8.448989
2016-03-23,-9.174547
2016-03-24,-10.617746
2016-03-25,-8.993027
2016-03-26,-5.330833
2016-03-27,-6.648704
2016-03-28,-0.49610376
2016-03-29,-5.5945334
2016-03-30,-8.010687
2016-03-31,-2.6209486
2016-04-01,-1.470884
2016-04-02,-4.5691295
2016-04-03,-5.6321464
2016-04-04,-7.334567
2016-04-05,-7.029436
2016-04-06,-2.8617904
2016-04-07,-5.6902905
2016-04-08,-6.255802
2016-04-09,-8.5159645
2016-04-10,-9.654718
2016-04-11,-7.326654
2016-04-12,-2.2370849
2016-04-13,-0.26772666
2016-04-14,-2.5914083
2016-04-15,1.807751
2016-04-16,-0.47380146
2016-04-17,-5.1107454
2016-04-18,-5.491988
2016-04-19,-4.0693846
2016-04-20,1.6624546
2016-04-21,2.997761
2016-04-22,-0.98378545
2016-04-23,-3.514488
2016-04-24,-4.5453663
2016-04-25,-0.7397828
2016-04-26,1.4917068
2016-04-27,-3.0597959
2016-04-28,-2.1794672
2016-04-29,-0.5198569
2016-04-30,-1.1993332
2016-05-01,6.2844334
2016-05-02,5.086552
2016-05-03,3.8491042
2016-05-04,2.5533519
2016-05-05,4.8576
2016-05-06,2.7173128
2016-05-07,-0.38192225
2016-05-08,7.821051
2016-05-09,0.020793915
2016-05-10,2.868331
2016-05-11,9.280577
2016-05-12,-0.5159907
2016-05-13,-1.6065893
2016-05-14,7.7591944
2016-05-15,2.2408671
2016-05-16,0.042481184
2016-05-17,6.6652055
2016-05-18,15.92162
2016-05-19,12.879847
2016-05-20,11.713803
2016-05-21,8.554841
2016-05-22,7.386219
2016-05-23,7.5076675
2016-05-24,6.155414
2016-05-25,7.595542
2016-05-26,4.508128
2016-05-27,8.071821
2016-05-28,11.199129
2016-05-29,4.595895
2016-05-30,4.279462
2016-05-31,3.059813
2016-06-01,6.78593
2016-06-02,8.80029
2016-06-03,7.539865
2016-06-04,12.493365
2016-06-05,12.765619
2016-06-06,8.623592
2016-06-07,5.526638
2016-06-08,4.1058187
2016-06-09,6.870578
2016-06-10,9.484455
2016-06-11,8.379444
2016-06-12,5.148913
2016-06-13,5.372652
2016-06-14,6.1032395
2016-06-15,9.348235
2016-06-16,8.749669
2016-06-17,10.480296
2016-06-18,8.478256
2016-06-19,8.376879
2016-06-20,14.012006
2016-06-21,10.691157
2016-06-22,10.092792
2016-06-23,9.455177
2016-06-24,8.05438
2016-06-25,7.1094937
2016-06-26,9.759293
2016-06-27,12.426427
2016-06-28,13.816916
2016-06-29,15.477304
2016-06-30,12.430559
2016-07-01,7.600149
2016-07-02,9.762913
2016-07-03,13.201236
2016-07-04,16.634884
2016-07-05,15.009038
2016-07-06,17.803741
2016-07-07,17.159367
2016-07-08,17.933968
2016-07-09,17.57031
2016-07-10,19.093967
2016-07-11,20.880772
2016-07-12,16.611727
2016-07-13,12.421845
2016-07-14,12.710794
2016-07-15,11.081448
2016-07-16,10.825642
2016-07-17,12.644672
2016-07-18,13.6392145
2016-07-19,15.727577
2016-07-20,17.843845
2016-07-21,15.871024
2016-07-22,15.82773
2016-07-23,17.869215
2016-07-24,15.18595
2016-07-25,12.890858
2016-07-26,11.694514
2016-07-27,11.282452
2016-07-28,12.684181
2016-07-29,11.99293
2016-07-30,14.889792
2016-07-31,15.368732
2016-08-01,14.477245
2016-08-02,15.5584135
2016-08-03,18.364643
2016-08-04,17.594902
2016-08-05,20.816399
2016-08-06,17.569502
2016-08-07,10.42273
2016-08-08,9.422139
2016-08-09,15.085455
2016-08-10,17.819368
2016-08-11,21.670982
2016-08-12,17.170164
2016-08-13,11.560776
2016-08-14,14.530505
2016-08-15,10.864596
2016-08-16,6.9151263
2016-08-17,8.029736
2016-08-18,11.622506
2016-08-19,11.074968
2016-08-20,12.578785
2016-08-21,9.916561
2016-08-22,9.470551
2016-08-23,14.188776
2016-08-24,11.976924
2016-08-25,6.9894824
2016-08-26,6.0586095
2016-08-27,4.9516096
2016-08-28,6.725691
2016-08-29,8.857541
2016-08-30,6.5295534
2016-08-31,10.13012
2016-09-01,10.531917
2016-09-02,13.357675
2016-09-03,12.23344
2016-09-04,13.756868
2016-09-05,13.409661
2016-09-06,8.921759
2016-09-07,6.5606833
2016-09-08,7.5791698
2016-09-09,9.027465
2016-09-10,10.333473
2016-09-11,8.964071
2016-09-12,6.513932
2016-09-13,6.9097815
2016-09-14,8.180258
2016-09-15,7.071514
2016-09-16,8.53607
2016-09-17,5.3905044
2016-09-18,5.7007
2016-09-19,3.6388192
2016-09-20,2.9440682
2016-09-21,2.8718343
2016-09-22,5.61902
2016-09-23,6.997219
2016-09-24,9.439636
2016-09-25,1.559438
2016-09-26,3.5333042
2016-09-27,0.4394576
2016-09-28,-4.9208302
2016-09-29,-2.5018573
2016-09-30,-0.30682778
2016-10-01,4.2748375
2016-10-02,-0.36649036
2016-10-03,0.8342655
2016-10-04,-1.0231293
2016-10-05,-0.93891835
2016-10-06,-3.8129969
2016-10-07,-0.48031616
2016-10-08,-3.3274672
2016-10-09,-7.026935
2016-10-10,-8.984451
2016-10-11,-8.943774
2016-10-12,-8.624438
2016-10-13,-6.5497556
2016-10-14,-3.232772
2016-10-15,0.3875332
2016-10-16,2.2419705
2016-10-17,-1.3864303
2016-10-18,-2.5156555
2016-10-19,-5.4104257
2016-10-20,-9.122576
2016-10-21,-1.9461769
2016-10-22,-6.300768
2016-10-23,-6.9329567
2016-10-24,-5.6311865
2016-10-25,-7.3490376
2016-10-26,-10.489476
2016-10-27,-12.140887
2016-10-28,-11.440641
2016-10-29,-15.137323
2016-10-30,-13.621862
2016-10-31,-16.37119
2016-11-01,-16.942015
2016-11-02,-13.494954
2016-11-03,-10.595718
2016-11-04,-8.57386
2016-11-05,-8.284581
2016-11-06,-11.422856
2016-11-07,-12.922943
2016-11-08,-15.958725
2016-11-09,-19.057232
2016-11-10,-13.098707
2016-11-11,-16.691275
2016-11-12,-15.100952
2016-11-13,-15.3489
2016-11-14,-16.094664
2016-11-15,-18.23381
2016-11-16,-16.493492
2016-11-17,-19.00969
2016-11-18,-15.754452
2016-11-19,-19.15434
2016-11-20,-22.353933
2016-11-21,-24.70129
2016-11-22,-22.786144
2016-11-23,-23.421583
2016-11-24,-20.822353
2016-11-25,-23.662865
2016-11-26,-18.879189
2016-11-27,-17.9919
2016-11-28,-15.541934
2016-11-29,-20.149124
2016-11-30,-10.780025
2016-12-01,-16.324656
2016-12-02,-11.151096
2016-12-03,-10.932833
2016-12-04,-17.354904
2016-12-05,-20.858835
2016-12-06,-24.376362
2016-12-07,-23.883478
2016-12-08,-15.163479
2016-12-09,-20.186316
2016-12-10,-19.802143
2016-12-11,-19.816004
2016-12-12,-17.235184
2016-12-13,-21.367474
2016-12-14,-25.646948
2016-12-15,-24.948677
2016-12-16,-16.834963
2016-12-17,-19.695717
2016-12-18,-17.028374
2016-12-19,-15.940353
2016-12-20,-17.29848
2016-12-21,-16.687077
2016-12-22,-16.594845
2016-12-23,-24.804218
2016-12-24,-21.091494
2016-12-25,-21.282703
2016-12-26,-24.881691
2016-12-27,-28.763174
2016-12-28,-24.27852
2016-12-29,-26.408943
2016-12-30,-19.110512
2016-12-31,-21.87877
2017-01-01,-17.61155
2017-01-02,-20.377956
2017-01-03,-19.152328
2017-01-04,-20.630365
2017-01-05,-22.897408
2017-01-06,-18.132542
2017-01-07,-20.140005
2017-01-08,-19.194967
2017-01-09,-23.82549
2017-01-10,-25.324934
2017-01-11,-25.39022
2017-01-12,-27.655027
2017-01-13,-26.351858
2017-01-14,-25.20358
2017-01-15,-26.424147
2017-01-16,-25.74125
2017-01-17,-22.757565
2017-01-18,-25.7964
2017-01-19,-24.553263
2017-01-20,-26.158121
2017-01-21,-25.574915
2017-01-22,-26.339783
2017-01-23,-26.92525
2017-01-24,-28.033484
2017-01-25,-23.42104
2017-01-26,-19.202168
2017-01-27,-21.277657
2017-01-28,-21.411243
2017-01-29,-22.857359
2017-01-30,-24.886013
2017-01-31,-21.138111
2017-02-01,-23.348362
2017-02-02,-16.549696
2017-02-03,-18.237574
2017-02-04,-18.664581
2017-02-05,-20.718637
2017-02-06,-19.674446
2017-02-07,-18.726093
2017-02-08,-18.363846
2017-02-09,-21.492565
2017-02-10,-21.957333
2017-02-11,-22.770668
2017-02-12,-22.387428
2017-02-13,-22.528896
2017-02-14,-20.576298
2017-02-15,-14.214279
2017-02-16,-17.979237
2017-02-17,-21.366722
2017-02-18,-27.054787
2017-02-19,-19.377188
2017-02-20,-23.172506
2017-02-21,-17.65653
2017-02-22,-15.352914
2017-02-23,-21.906826
2017-02-24,-16.809586
2017-02-25,-14.140845
2017-02-26,-14.750591
2017-02-27,-10.378414
2017-02-28,-14.3073
2017-03-01,-20.56766
2017-03-02,-19.26685
2017-03-03,-18.739843
2017-03-04,-15.678792
2017-03-05,-20.677692
2017-03-06,-20.843086
2017-03-07,-15.902251
2017-03-08,-15.872339
2017-03-09,-14.510654
2017-03-10,-14.493453
2017-03-11,-9.13896
2017-03-12,-15.032646
2017-03-13,-15.860762
2017-03-14,-14.681419
2017-03-15,-10.854954
2017-03-16,-10.396559
2017-03-17,-8.592234
2017-03-18,-5.809401
2017-03-19,-10.096045
2017-03-20,-11.05056
2017-03-21,-11.463706
2017-03-22,-10.138057
2017-03-23,-10.813488
2017-03-24,-10.938825
2017-03-25,-6.4361095
2017-03-26,-7.7882967
2017-03-27,-8.055527
2017-03-28,-8.16359
2017-03-29,-3.0794349
2017-03-30,-3.0938072
2017-03-31,-6.3077316
2017-04-01,-5.180128
2017-04-02,-1.3356744
2017-04-03,-5.1692834
2017-04-04,1.874557
2017-04-05,6.1720104
2017-04-06,-0.71267855
2017-04-07,-1.9327686
2017-04-08,-3.1239033
2017-04-09,-5.7792954
2017-04-10,-0.1596818
2017-04-11,-6.1655817
2017-04-12,-6.9603615
2017-04-13,-4.143876
2017-04-14,-1.2690694
2017-04-15,1.1993152
2017-04-16,-1.6007543
2017-04-17,1.1073911
2017-04-18,-2.602663
2017-04-19,-6.556596
2017-04-20,-0.88299
2017-04-21,-2.54678
2017-04-22,0.72652054
2017-04-23,-5.4373426
2017-04-24,-6.639555
2017-04-25,-3.122527
2017-04-26,-2.259767
2017-04-27,-0.97664213
2017-04-28,0.5486617
2017-04-29,4.7781515
2017-04-30,-0.4821906
2017-05-01,0.74282455
2017-05-02,9.357119
2017-05-03,13.622698
2017-05-04,5.3986797
2017-05-05,-1.9456999
2017-05-06,-2.4869092
2017-05-07,-0.072865486
2017-05-08,3.145132
2017-05-09,11.900766
2017-05-10,5.256148
2017-05-11,3.2639027
2017-05-12,-2.5671957
2017-05-13,1.2476535
2017-05-14,-0.49283886
2017-05-15,-3.204883
2017-05-16,7.134841
2017-05-17,6.9642673
2017-05-18,13.266586
2017-05-19,9.824698
2017-05-20,8.263411
2017-05-21,0.79579604
2017-05-22,1.5833173
2017-05-23,2.867366
2017-05-24,5.423463
2017-05-25,-0.9210563
2017-05-26,4.3385806
2017-05-27,9.319372
2017-05-28,8.922061
2017-05-29,2.4084082
2017-05-30,3.0117745
2017-05-31,5.794162
2017-06-01,1.1545324
2017-06-02,2.319687
2017-06-03,4.015191
2017-06-04,5.249192
2017-06-05,6.7391768
2017-06-06,9.145407
2017-06-07,5.8169336
2017-06-08,6.883567
2017-06-09,3.3933868
2017-06-10,2.1731393
2017-06-11,4.5992637
2017-06-12,5.2352257
2017-06-13,8.62922
2017-06-14,12.009808
2017-06-15,11.173441
2017-06-16,12.978853
2017-06-17,14.762167
2017-06-18,11.331922
2017-06-19,10.093556
2017-06-20,11.463556
2017-06-21,10.064738
2017-06-22,8.911204
2017-06-23,9.015346
2017-06-24,10.543007
2017-06-25,14.561371
2017-06-26,13.123214
2017-06-27,15.750662
2017-06-28,16.347786
2017-06-29,16.1827
2017-06-30,12.953275
2017-07-01,14.680555
2017-07-02,15.708412
2017-07-03,13.600674
2017-07-04,17.12675
2017-07-05,17.544441
2017-07-06,16.467096
2017-07-07,16.296324
2017-07-08,15.575079
2017-07-09,17.423754
2017-07-10,14.662776
2017-07-11,12.807772
2017-07-12,13.435642
2017-07-13,16.62136
2017-07-14,12.70384
2017-07-15,14.3564005
2017-07-16,14.5984
2017-07-17,18.719095
2017-07-18,18.837448
2017-07-19,17.124832
2017-07-20,14.740201
2017-07-21,11.438089
2017-07-22,15.263653
2017-07-23,15.710823
2017-07-24,12.490141
2017-07-25,9.378681
2017-07-26,15.6240225
2017-07-27,12.805543
2017-07-28,10.67606
2017-07-29,13.696918
2017-07-30,14.023071
2017-07-31,11.5463915
2017-08-01,18.311876
2017-08-02,17.651203
2017-08-03,17.456766
2017-08-04,17.058558
2017-08-05,15.29459
2017-08-06,14.998924
2017-08-07,15.374544
2017-08-08,14.457571
2017-08-09,14.137222
2017-08-10,14.983167
2017-08-11,16.372772
2017-08-12,14.42037
2017-08-13,15.280044
2017-08-14,15.643328
2017-08-15,15.173785
2017-08-16,15.205214
2017-08-17,14.739936
2017-08-18,15.911985
2017-08-19,12.998252
2017-08-20,15.412622
2017-08-21,16.805042
2017-08-22,11.286932
2017-08-23,13.966206
2017-08-24,9.732778
2017-08-25,9.37721
2017-08-26,7.883021
2017-08-27,10.004633
2017-08-28,5.2358084
2017-08-29,3.192039
2017-08-30,1.3956035
2017-08-31,2.7196274
2017-09-01,5.4976397
2017-09-02,8.195479
2017-09-03,12.657434
2017-09-04,12.032871
2017-09-05,8.681507
2017-09-06,6.8558483
2017-09-07,6.559988
2017-09-08,2.525418
2017-09-09,6.8346925
2017-09-10,8.291866
2017-09-11,6.121189
2017-09-12,3.4901538
2017-09-13,1.4222746
2017-09-14,2.703876
2017-09-15,8.516539
2017-09-16,8.903841
2017-09-17,6.587607
2017-09-18,3.3796587
2017-09-19,4.4685016
2017-09-20,4.153895
2017-09-21,4.5929418
2017-09-22,7.1627054
2017-09-23,5.6817927
2017-09-24,3.4103665
2017-09-25,3.5581198
2017-09-26,2.8031294
2017-09-27,-3.7751784
2017-09-28,-2.730589
2017-09-29,-1.9814209
2017-09-30,-4.1963816
2017-10-01,1.7222703
2017-10-02,-2.241301
2017-10-03,-4.696564
2017-10-04,-7.0539417
2017-10-05,8.277537
2017-10-06,8.089561
2017-10-07,2.2682805
2017-10-08,4.913202
2017-10-09,1.2451198
2017-10-10,-2.5273676
2017-10-11,-5.028922
2017-10-12,-8.98834
2017-10-13,-3.1678486
2017-10-14,-9.424354
2017-10-15,-7.828278
2017-10-16,-7.8415956
2017-10-17,-8.443153
2017-10-18,-6.8955264
2017-10-19,-2.8770509
2017-10-20,-3.2607925
2017-10-21,-8.543055
2017-10-22,-10.222267
2017-10-23,-8.631299
2017-10-24,-0.83402133
2017-10-25,-3.6607094
2017-10-26,-3.7456207
2017-10-27,-1.8470035
2017-10-28,-5.0286164
2017-10-29,-9.966146
2017-10-30,-4.8482327
2017-10-31,-3.8642325
2017-11-01,-7.6463065
2017-11-02,-7.552871
2017-11-03,-11.465125
2017-11-04,-9.30566
2017-11-05,-6.419449
2017-11-06,-4.6367197
2017-11-07,-3.0717626
2017-11-08,-10.336818
2017-11-09,-10.590785
2017-11-10,-7.987934
2017-11-11,-15.263411
2017-11-12,-12.156729
2017-11-13,-11.490837
2017-11-14,-13.57586
2017-11-15,-17.18492
2017-11-16,-21.869215
2017-11-17,-17.407728
2017-11-18,-21.809877
2017-11-19,-21.26044
2017-11-20,-18.062405
2017-11-21,-16.505007
2017-11-22,-14.660382
2017-11-23,-21.228062
2017-11-24,-24.304235
2017-11-25,-21.996717
2017-11-26,-23.149275
2017-11-27,-11.394423
2017-11-28,-20.716032
2017-11-29,-24.12794
2017-11-30,-27.725174
2017-12-01,-24.385311
2017-12-02,-20.104345
2017-12-03,-22.83106
2017-12-04,-24.161636
2017-12-05,-22.842937
2017-12-06,-18.80597
2017-12-07,-23.797989
2017-12-08,-17.158306
2017-12-09,-12.789639
2017-12-10,-26.19786
2017-12-11,-29.887228
2017-12-12,-30.412117
2017-12-13,-30.409975
2017-12-14,-28.22471
2017-12-15,-23.733604
2017-12-16,-25.679897
2017-12-17,-24.86935
2017-12-18,-22.509642
2017-12-19,-25.518757
2017-12-20,-20.546368
2017-12-21,-18.992168
2017-12-22,-20.596226
2017-12-23,-20.970936
2017-12-24,-19.964672
2017-12-25,-26.1446
2017-12-26,-29.501123
2017-12-27,-30.91481
2017-12-28,-27.473198
2017-12-29,-26.00311
2017-12-30,-18.263058
2017-12-31,-27.675854
2018-01-01,-25.892149
2018-01-02,-24.626337
2018-01-03,-24.36789
2018-01-04,-25.476313
2018-01-05,-24.939116
2018-01-06,-22.444721
2018-01-07,-18.80504
2018-01-08,-18.229656
2018-01-09,-24.275948
2018-01-10,-29.5078
2018-01-11,-29.737358
2018-01-12,-25.086843
2018-01-13,-23.73687
2018-01-14,-19.842993
2018-01-15,-24.701046
2018-01-16,-20.746647
2018-01-17,-24.694035
2018-01-18,-29.978443
2018-01-19,-23.355469
2018-01-20,-29.533657
2018-01-21,-33.4366
2018-01-22,-33.897053
2018-01-23,-34.08466
2018-01-24,-36.71963
2018-01-25,-36.863903
2018-01-26,-36.224186
2018-01-27,-32.494278
2018-01-28,-31.16459
2018-01-29,-27.545528
2018-01-30,-26.373196
2018-01-31,-29.704834
2018-02-01,-24.639843
2018-02-02,-30.385992
2018-02-03,-32.781338
2018-02-04,-32.85278
2018-02-05,-32.10877
2018-02-06,-32.791985
2018-02-07,-26.545246
2018-02-08,-25.142103
2018-02-09,-20.616507
2018-02-10,-25.684341
2018-02-11,-28.561563
2018-02-12,-27.78791
2018-02-13,-28.134716
2018-02-14,-23.270077
2018-02-15,-26.562397
2018-02-16,-22.88802
2018-02-17,-29.273579
2018-02-18,-29.69081
2018-02-19,-26.153072
2018-02-20,-24.146532
2018-02-21,-27.18797
2018-02-22,-24.895035
2018-02-23,-25.405573
2018-02-24,-27.284586
2018-02-25,-21.141628
2018-02-26,-17.875368
2018-02-27,-19.726551
2018-02-28,-17.167452
2018-03-01,-21.284988
2018-03-02,-22.804739
2018-03-03,-17.295023
2018-03-04,-24.893963
2018-03-05,-27.741766
2018-03-06,-25.868397
2018-03-07,-23.925278
2018-03-08,-28.267488
2018-03-09,-16.037277
2018-03-10,-19.580484
2018-03-11,-19.56042
2018-03-12,-12.154001
2018-03-13,-2.9825063
2018-03-14,-9.0303545
2018-03-15,-16.790693
2018-03-16,-19.211948
2018-03-17,-13.561966
2018-03-18,-9.128495
2018-03-19,-11.109709
2018-03-20,-9.59855
2018-03-21,-10.933607
2018-03-22,-9.283649
2018-03-23,-5.0672293
2018-03-24,-3.5626912
2018-03-25,2.5714405
2018-03-26,-0.48679662
2018-03-27,-0.19380942
2018-03-28,-0.8837935
2018-03-29,-6.5607853
2018-03-30,-4.4133253
2018-03-31,1.7015991
2018-04-01,1.9577407
2018-04-02,-2.6110182
2018-04-03,-7.581567
2018-04-04,-12.029842
2018-04-05,-6.9744306
2018-04-06,-6.500621
2018-04-07,-12.183326
2018-04-08,-8.469158
2018-04-09,-5.867707
2018-04-10,2.5849962
2018-04-11,-3.5266626
2018-04-12,-3.2331433
2018-04-13,-0.14123464
2018-04-14,-3.7732072
2018-04-15,-5.692705
2018-04-16,-1.0533452
2018-04-17,5.945538
2018-04-18,-0.782346
2018-04-19,2.3093853
2018-04-20,7.1758447
2018-04-21,1.4232782
2018-04-22,-0.6553962
2018-04-23,1.544097
2018-04-24,0.50812197
2018-04-25,4.335497
2018-04-26,4.5145683
2018-04-27,-0.876534
2018-04-28,6.8600154
2018-04-29,5.2604327
2018-04-30,-1.387203
2018-05-01,1.7041109
2018-05-02,-4.043667
2018-05-03,-1.0192478
2018-05-04,-1.3418989
2018-05-05,4.7757864
2018-05-06,-0.528158
2018-05-07,-0.85410833
2018-05-08,4.057196
2018-05-09,5.0863404
2018-05-10,7.9406853
2018-05-11,5.5579247
2018-05-12,7.7858157
2018-05-13,2.659545
2018-05-14,12.588686
2018-05-15,11.988958
2018-05-16,11.364528
2018-05-17,7.1527233
2018-05-18,5.1137123
2018-05-19,7.775107
2018-05-20,12.227508
2018-05-21,11.132608
2018-05-22,1.8585141
2018-05-23,1.0332053
2018-05-24,4.797227
2018-05-25,8.320941
2018-05-26,6.6878624
2018-05-27,7.053198
2018-05-28,4.236576
2018-05-29,5.3730574
2018-05-30,4.713578
2018-05-31,9.143656
2018-06-01,11.643611
2018-06-02,14.328583
2018-06-03,15.144422
2018-06-04,8.530888
2018-06-05,8.53252
2018-06-06,8.041622
2018-06-07,10.434144
2018-06-08,8.42557
2018-06-09,9.063324
2018-06-10,8.943679
2018-06-11,10.461275
2018-06-12,12.276563
2018-06-13,9.660961
2018-06-14,10.699238
2018-06-15,12.19827
2018-06-16,13.742815
2018-06-17,12.605576
2018-06-18,13.463888
2018-06-19,9.644616
2018-06-20,7.685972
2018-06-21,9.084808
2018-06-22,14.1344385
2018-06-23,16.318739
2018-06-24,14.621577
2018-06-25,13.788523
2018-06-26,12.837148
2018-06-27,11.5545435
2018-06-28,11.474854
2018-06-29,14.261917
2018-06-30,13.853996
2018-07-01,15.80599
2018-07-02,15.299383
2018-07-03,17.91537
2018-07-04,15.422713
2018-07-05,15.307026
2018-07-06,14.793605
2018-07-07,14.23493
2018-07-08,13.575548
2018-07-09,10.513945
2018-07-10,12.785151
2018-07-11,17.25303
2018-07-12,16.555681
2018-07-13,14.300528
2018-07-14,11.9429865
2018-07-15,15.028318
2018-07-16,18.605703
2018-07-17,17.720402
2018-07-18,17.684523
2018-07-19,19.631645
2018-07-20,19.53683
2018-07-21,20.078535
2018-07-22,19.675907
2018-07-23,16.818674
2018-07-24,17.486492
2018-07-25,17.209766
2018-07-26,16.219091
2018-07-27,12.975439
2018-07-28,17.025278
2018-07-29,20.09815
2018-07-30,18.877714
2018-07-31,15.500935
2018-08-01,13.925554
2018-08-02,17.421988
2018-08-03,22.510275
2018-08-04,17.796633
2018-08-05,16.128542
2018-08-06,15.6216135
2018-08-07,12.997311
2018-08-08,14.096002
2018-08-09,12.924432
2018-08-10,13.832459
2018-08-11,15.874032
2018-08-12,15.744899
2018-08-13,15.617973
2018-08-14,14.418475
2018-08-15,14.668163
2018-08-16,13.417199
2018-08-17,12.914991
2018-08-18,8.847628
2018-08-19,10.8507805
2018-08-20,12.428213
2018-08-21,11.6716175
2018-08-22,10.41278
2018-08-23,9.65525
2018-08-24,11.712169
2018-08-25,11.78218
2018-08-26,10.7106495
2018-08-27,11.263355
2018-08-28,13.186368
2018-08-29,13.155928
2018-08-30,9.653818
2018-08-31,10.294832
2018-09-01,9.56959
2018-09-02,13.633417
2018-09-03,12.053264
2018-09-04,12.488553
2018-09-05,5.8070235
2018-09-06,5.0833635
2018-09-07,2.2877479
2018-09-08,1.7072895
2018-09-09,3.086886
2018-09-10,4.632827
2018-09-11,9.909718
2018-09-12,7.056071
2018-09-13,3.2849417
2018-09-14,4.5871162
2018-09-15,3.1374059
2018-09-16,-1.8898821
2018-09-17,-0.18035698
2018-09-18,2.4688385
2018-09-19,3.6677227
2018-09-20,4.99502
2018-09-21,3.5863845
2018-09-22,1.1694175
2018-09-23,2.8671145
2018-09-24,0.2720468
2018-09-25,-2.968112
2018-09-26,-0.7024863
2018-09-27,2.2341218
2018-09-28,4.1525126
2018-09-29,-0.572366
2018-09-30,1.5380623
2018-10-01,-0.5354137
2018-10-02,2.226523
2018-10-03,0.7109251
2018-10-04,1.7304873
2018-10-05,1.8782027
2018-10-06,1.713653
2018-10-07,-2.0728874
2018-10-08,-3.2274747
2018-10-09,-2.759838
2018-10-10,-5.0227985
2018-10-11,-5.9082737
2018-10-12,-4.920183
2018-10-13,-4.096746
2018-10-14,-3.158327
2018-10-15,-5.093971
2018-10-16,-7.114892
2018-10-17,-8.006997
2018-10-18,-8.604722
2018-10-19,-6.1671753
2018-10-20,-6.04585
2018-10-21,-2.0950282
2018-10-22,0.68147343
2018-10-23,-3.7210362
2018-10-24,-4.956807
2018-10-25,-4.33136
2018-10-26,-3.0696616
2018-10-27,-5.7918973
2018-10-28,-4.717166
2018-10-29,-5.2241144
2018-10-30,-5.1977324
2018-10-31,-7.9928846
2018-11-01,-8.120212
2018-11-02,-5.926197
2018-11-03,-2.6107388
2018-11-04,-8.495396
2018-11-05,-13.039875
2018-11-06,-10.942888
2018-11-07,-9.808252
2018-11-08,-7.6135073
2018-11-09,-7.4825687
2018-11-10,-9.53122
2018-11-11,-7.9756
2018-11-12,-11.365776
2018-11-13,-10.076605
2018-11-14,-11.341292
2018-11-15,-11.200344
2018-11-16,-15.342788
2018-11-17,-13.546183
2018-11-18,-15.807194
2018-11-19,-19.049057
2018-11-20,-18.19638
2018-11-21,-18.018602
2018-11-22,-20.410917
2018-11-23,-19.798878
2018-11-24,-14.232418
2018-11-25,-13.978512
2018-11-26,-8.4395
2018-11-27,-11.8667145
2018-11-28,-19.914175
2018-11-29,-23.30911
2018-11-30,-19.536135
2018-12-01,-15.381374
2018-12-02,-5.7313747
2018-12-03,-15.972462
2018-12-04,-22.722557
2018-12-05,-26.169067
2018-12-06,-25.051859
2018-12-07,-26.77694
2018-12-08,-26.590508
2018-12-09,-25.781319
2018-12-10,-28.618256
2018-12-11,-27.092072
2018-12-12,-22.386724
2018-12-13,-22.533348
2018-12-14,-24.94043
2018-12-15,-19.578993
2018-12-16,-18.938755
2018-12-17,-13.921353
2018-12-18,-19.166922
2018-12-19,-17.277756
2018-12-20,-19.577057
2018-12-21,-14.368364
2018-12-22,-17.1321
2018-12-23,-21.55065
2018-12-24,-24.607328
2018-12-25,-24.199879
2018-12-26,-28.642832
2018-12-27,-29.017374
2018-12-28,-25.905993
2018-12-29,-26.130322
2018-12-30,-29.014528
2018-12-31,-30.385996
